	192.168.1.15	192.168.1.15	adactin	555497870	555497873	home	555497878	555497880	/HotelApp/css/main.css	15	5	2017-09-25 12:10:04.6910000	2017-09-25 12:10:04.8150000	123.9176	200	2679	2017-09-25 06:40:04.8140000	123.5129
	192.168.1.15	192.168.1.15	adactin	555497870	555497884	Logout	555497893	555497891	/HotelApp/jQuery-scroll-books/css/site.css	14	5	2017-09-25 12:10:04.7370000	2017-09-25 12:10:04.8520000	115.1466	200	330	2017-09-25 06:40:04.8520000	115.0052
	192.168.1.15	192.168.1.15	adactin	555497870	555497884	Logout	555497893	555497894	/HotelApp/jQuery-scroll-books/css/bootstrap-theme.min.css	14	5	2017-09-25 12:10:04.7400000	2017-09-25 12:10:04.8530000	113.4255	200	13135	2017-09-25 06:40:04.8460000	105.9343
	192.168.1.15	192.168.1.15	adactin	555497870	555497875	Login	555497885	555497883	/HotelApp/	16	4	2017-09-25 12:10:04.7220000	2017-09-25 12:10:04.9280000	206.6091	0	0	2017-09-25 06:40:04.9280000	206.4686
	192.168.1.15	192.168.1.15	adactin	555497870	555497884	Logout	555497893	555497895	/HotelApp/jQuery-scroll-books/css/bootstrap.min.css	14	5	2017-09-25 12:10:04.7410000	2017-09-25 12:10:05.0290000	288.1016	200	99548	2017-09-25 06:40:04.8770000	136.4791
	192.168.1.15	192.168.1.15	adactin	555497870	555497873	home	555497878	555497877	/HotelApp/	15	5	2017-09-25 12:10:04.6890000	2017-09-25 12:10:05.1310000	442.3445	0	0	2017-09-25 06:40:05.1310000	442.1691
	192.168.1.15	192.168.1.15	adactin	555497870	555497873	home	555497878	555497882	/favicon.ico	15	5	2017-09-25 12:10:05.1460000	2017-09-25 12:10:05.2340000	88.1464	200	0	2017-09-25 06:40:05.2340000	87.901
	192.168.1.15	192.168.1.15	adactin	555497870	555497875	Login	555497887	555497886	/HotelApp/SearchHotel.php	16	4	2017-09-25 12:10:04.9580000	2017-09-25 12:10:05.2500000	291.6988	0	0	2017-09-25 06:40:05.2500000	291.5328
	192.168.1.15	192.168.1.15	adactin	555497870	555497884	Logout	555497897	555497896	/HotelApp/Logout.php	14	5	2017-09-25 12:10:05.0450000	2017-09-25 12:10:05.2600000	214.6827	0	0	2017-09-25 06:40:05.2600000	214.6193
	192.168.1.15	192.168.1.15	adactin	555497870	555497875	Login	555497885	555497883	/HotelApp/	15	5	2017-09-25 12:10:05.2660000	2017-09-25 12:10:05.3680000	101.5106	0	0	2017-09-25 06:40:05.3680000	101.3536
	192.168.1.15	192.168.1.15	adactin	555497870	555497884	Logout	555497900	555497899	/HotelApp/jQuery-scroll-books/index.html	14	5	2017-09-25 12:10:05.2800000	2017-09-25 12:10:05.3760000	96.7389	200	4037	2017-09-25 06:40:05.3730000	93.0944
	192.168.1.15	192.168.1.15	adactin	555497870	555497875	Login	555497889	555497888	/HotelApp/jQuery-scroll-books/index.html	16	4	2017-09-25 12:10:05.2740000	2017-09-25 12:10:05.3760000	101.117	200	4037	2017-09-25 06:40:05.3720000	97.236
	192.168.1.15	192.168.1.15	adactin	555497870	555497884	Logout	555497893	555497891	/HotelApp/jQuery-scroll-books/css/site.css	16	4	2017-09-25 12:10:05.4090000	2017-09-25 12:10:05.5040000	95.1021	200	330	2017-09-25 06:40:05.5030000	94.7915
	192.168.1.15	192.168.1.15	adactin	555497870	555497873	home	555497878	555497880	/HotelApp/css/main.css	14	6	2017-09-25 12:10:05.4150000	2017-09-25 12:10:05.5900000	175.0938	200	2679	2017-09-25 06:40:05.5900000	174.9858
	192.168.1.15	192.168.1.15	adactin	555497870	555497884	Logout	555497893	555497894	/HotelApp/jQuery-scroll-books/css/bootstrap-theme.min.css	16	4	2017-09-25 12:10:05.4150000	2017-09-25 12:10:05.6060000	190.9891	200	13135	2017-09-25 06:40:05.5880000	172.9259
	192.168.1.15	192.168.1.15	adactin	555497870	555497884	Logout	555497893	555497895	/HotelApp/jQuery-scroll-books/css/bootstrap.min.css	16	4	2017-09-25 12:10:05.4180000	2017-09-25 12:10:05.6660000	248.1945	200	99548	2017-09-25 06:40:05.5930000	175.6163
	192.168.1.15	192.168.1.15	adactin	555497870	555497875	Login	555497887	555497886	/HotelApp/SearchHotel.php	15	5	2017-09-25 12:10:05.3980000	2017-09-25 12:10:05.6940000	295.8989	0	0	2017-09-25 06:40:05.6930000	295.7945
	192.168.1.15	192.168.1.15	adactin	555497870	555497873	home	555497878	555497877	/HotelApp/	14	6	2017-09-25 12:10:05.4150000	2017-09-25 12:10:05.7640000	349.462	0	0	2017-09-25 06:40:05.7640000	349.3969
	192.168.1.15	192.168.1.15	adactin	555497870	555497875	Login	555497889	555497888	/HotelApp/jQuery-scroll-books/index.html	15	5	2017-09-25 12:10:05.7110000	2017-09-25 12:10:05.8060000	94.0993	200	4037	2017-09-25 06:40:05.8050000	93.9186
	192.168.1.15	192.168.1.15	adactin	555497870	555497873	home	555497878	555497882	/favicon.ico	14	6	2017-09-25 12:10:05.7780000	2017-09-25 12:10:05.8790000	100.9577	200	0	2017-09-25 06:40:05.8790000	100.5918
	192.168.1.15	192.168.1.15	adactin	555497870	555497884	Logout	555497893	555497891	/HotelApp/jQuery-scroll-books/css/site.css	15	5	2017-09-25 12:10:05.8340000	2017-09-25 12:10:05.9360000	101.6713	200	330	2017-09-25 06:40:05.9350000	101.2661
	192.168.1.15	192.168.1.15	adactin	555497870	555497884	Logout	555497893	555497895	/HotelApp/jQuery-scroll-books/css/bootstrap.min.css	15	5	2017-09-25 12:10:05.8310000	2017-09-25 12:10:05.9490000	118.1423	200	99548	2017-09-25 06:40:05.8800000	49.2318
	192.168.1.15	192.168.1.15	adactin	555497870	555497884	Logout	555497893	555497894	/HotelApp/jQuery-scroll-books/css/bootstrap-theme.min.css	15	5	2017-09-25 12:10:05.8380000	2017-09-25 12:10:05.9510000	113.0113	200	13135	2017-09-25 06:40:05.9460000	107.8781
	192.168.1.15	192.168.1.15	adactin	555497870	555497884	Logout	555497897	555497896	/HotelApp/Logout.php	16	4	2017-09-25 12:10:05.6810000	2017-09-25 12:10:06.0090000	328.1528	0	0	2017-09-25 06:40:06.0090000	328.0127
	192.168.1.15	192.168.1.15	adactin	555497870	555497875	Login	555497885	555497883	/HotelApp/	14	6	2017-09-25 12:10:05.9020000	2017-09-25 12:10:06.0150000	113.2099	0	0	2017-09-25 06:40:06.0150000	113.1452
	192.168.1.15	192.168.1.15	adactin	555497870	555497884	Logout	555497900	555497899	/HotelApp/jQuery-scroll-books/index.html	16	4	2017-09-25 12:10:06.0320000	2017-09-25 12:10:06.1520000	119.3588	200	4037	2017-09-25 06:40:06.1510000	119.0758
	192.168.1.15	192.168.1.15	adactin	555497870	555497884	Logout	555497897	555497896	/HotelApp/Logout.php	15	5	2017-09-25 12:10:05.9760000	2017-09-25 12:10:06.2040000	228.3767	0	0	2017-09-25 06:40:06.2040000	228.2111
	192.168.1.15	192.168.1.15	adactin	555497870	555497875	Login	555497887	555497886	/HotelApp/SearchHotel.php	14	6	2017-09-25 12:10:06.0330000	2017-09-25 12:10:06.2600000	227.0424	0	0	2017-09-25 06:40:06.2600000	226.9014
	192.168.1.15	192.168.1.15	adactin	555497870	555497873	home	555497878	555497880	/HotelApp/css/main.css	16	5	2017-09-25 12:10:06.1820000	2017-09-25 12:10:06.3220000	140.1459	200	2679	2017-09-25 06:40:06.3220000	139.8348
	192.168.1.15	192.168.1.15	adactin	555497870	555497884	Logout	555497900	555497899	/HotelApp/jQuery-scroll-books/index.html	15	5	2017-09-25 12:10:06.2220000	2017-09-25 12:10:06.3660000	144.0265	200	4037	2017-09-25 06:40:06.3660000	143.7431
	192.168.1.15	192.168.1.15	adactin	555497870	555497875	Login	555497889	555497888	/HotelApp/jQuery-scroll-books/index.html	14	6	2017-09-25 12:10:06.2790000	2017-09-25 12:10:06.3770000	98.6131	200	4037	2017-09-25 06:40:06.3770000	98.4253
	192.168.1.15	192.168.1.15	adactin	555497870	555497873	home	555497878	555497877	/HotelApp/	16	5	2017-09-25 12:10:06.1810000	2017-09-25 12:10:06.4170000	235.5961	0	0	2017-09-25 06:40:06.4160000	235.5108
	192.168.1.15	192.168.1.15	adactin	555497870	555497873	home	555497878	555497880	/HotelApp/css/main.css	15	6	2017-09-25 12:10:06.3910000	2017-09-25 12:10:06.4840000	93.0011	200	2679	2017-09-25 06:40:06.4840000	92.9302
	192.168.1.15	192.168.1.15	adactin	555497870	555497884	Logout	555497893	555497891	/HotelApp/jQuery-scroll-books/css/site.css	14	6	2017-09-25 12:10:06.4090000	2017-09-25 12:10:06.5180000	108.9125	200	330	2017-09-25 06:40:06.5180000	108.8287
	192.168.1.15	192.168.1.15	adactin	555497870	555497884	Logout	555497893	555497894	/HotelApp/jQuery-scroll-books/css/bootstrap-theme.min.css	14	6	2017-09-25 12:10:06.4090000	2017-09-25 12:10:06.5190000	110.1866	200	13135	2017-09-25 06:40:06.5170000	107.3538
	192.168.1.15	192.168.1.15	adactin	555497870	555497884	Logout	555497893	555497895	/HotelApp/jQuery-scroll-books/css/bootstrap.min.css	14	6	2017-09-25 12:10:06.4090000	2017-09-25 12:10:06.5250000	116.1801	200	99548	2017-09-25 06:40:06.4590000	49.7968
	192.168.1.15	192.168.1.15	adactin	555497870	555497873	home	555497878	555497882	/favicon.ico	16	5	2017-09-25 12:10:06.4240000	2017-09-25 12:10:06.5250000	101.0916	200	0	2017-09-25 06:40:06.5250000	100.9086
	192.168.1.15	192.168.1.15	adactin	555497870	555497875	Login	555497885	555497883	/HotelApp/	16	5	2017-09-25 12:10:06.5410000	2017-09-25 12:10:06.6550000	113.213	0	0	2017-09-25 06:40:06.6540000	113.0412
	192.168.1.15	192.168.1.15	adactin	555497870	555497873	home	555497878	555497877	/HotelApp/	15	6	2017-09-25 12:10:06.3910000	2017-09-25 12:10:06.6950000	303.3905	0	0	2017-09-25 06:40:06.6940000	303.1937
	192.168.1.15	192.168.1.15	adactin	555497870	555497884	Logout	555497897	555497896	/HotelApp/Logout.php	14	6	2017-09-25 12:10:06.5410000	2017-09-25 12:10:06.8030000	261.8573	0	0	2017-09-25 06:40:06.8030000	261.7341
	192.168.1.15	192.168.1.15	adactin	555497870	555497873	home	555497878	555497882	/favicon.ico	15	6	2017-09-25 12:10:06.7090000	2017-09-25 12:10:06.8480000	139.3449	200	0	2017-09-25 06:40:06.8480000	139.1753
	192.168.1.15	192.168.1.15	adactin	555497870	555497875	Login	555497887	555497886	/HotelApp/SearchHotel.php	16	5	2017-09-25 12:10:06.6790000	2017-09-25 12:10:06.9620000	282.7694	0	0	2017-09-25 06:40:06.9620000	282.6418
	192.168.1.15	192.168.1.15	adactin	555497870	555497875	Login	555497885	555497883	/HotelApp/	15	6	2017-09-25 12:10:06.8660000	2017-09-25 12:10:07.0110000	145.4125	0	0	2017-09-25 06:40:07.0110000	145.3558
	192.168.1.15	192.168.1.15	adactin	555497870	555497884	Logout	555497900	555497899	/HotelApp/jQuery-scroll-books/index.html	14	6	2017-09-25 12:10:06.8190000	2017-09-25 12:10:07.0160000	197.2138	200	4037	2017-09-25 06:40:07.0160000	196.9474
	192.168.1.15	192.168.1.15	adactin	555497870	555497875	Login	555497889	555497888	/HotelApp/jQuery-scroll-books/index.html	16	5	2017-09-25 12:10:06.9770000	2017-09-25 12:10:07.1430000	166.0296	200	4037	2017-09-25 06:40:07.1430000	165.835
	192.168.1.15	192.168.1.15	adactin	555497870	555497873	home	555497878	555497880	/HotelApp/css/main.css	14	7	2017-09-25 12:10:07.0440000	2017-09-25 12:10:07.2070000	162.6261	200	2679	2017-09-25 06:40:07.2070000	162.4462
	192.168.1.15	192.168.1.15	adactin	555497870	555497884	Logout	555497893	555497894	/HotelApp/jQuery-scroll-books/css/bootstrap-theme.min.css	16	5	2017-09-25 12:10:07.1610000	2017-09-25 12:10:07.2150000	53.6323	200	13135	2017-09-25 06:40:07.2150000	53.5149
	192.168.1.15	192.168.1.15	adactin	555497870	555497873	home	555497878	555497877	/HotelApp/	14	7	2017-09-25 12:10:07.0430000	2017-09-25 12:10:07.2590000	215.4154	0	0	2017-09-25 06:40:07.2590000	215.2771
	192.168.1.15	192.168.1.15	adactin	555497870	555497884	Logout	555497893	555497891	/HotelApp/jQuery-scroll-books/css/site.css	16	5	2017-09-25 12:10:07.1610000	2017-09-25 12:10:07.3000000	138.2636	200	330	2017-09-25 06:40:07.2990000	138.1753
	192.168.1.15	192.168.1.15	adactin	555497870	555497873	home	555497878	555497882	/favicon.ico	14	7	2017-09-25 12:10:07.2690000	2017-09-25 12:10:07.3930000	124.0497	200	0	2017-09-25 06:40:07.3920000	123.6485
	192.168.1.15	192.168.1.15	adactin	555497870	555497875	Login	555497887	555497886	/HotelApp/SearchHotel.php	15	6	2017-09-25 12:10:07.0430000	2017-09-25 12:10:07.3920000	348.8123	0	0	2017-09-25 06:40:07.3920000	348.6498
	192.168.1.15	192.168.1.15	adactin	555497870	555497884	Logout	555497893	555497895	/HotelApp/jQuery-scroll-books/css/bootstrap.min.css	16	5	2017-09-25 12:10:07.1630000	2017-09-25 12:10:07.4030000	239.3142	200	99548	2017-09-25 06:40:07.2610000	97.2414
	192.168.1.15	192.168.1.15	adactin	555497870	555497875	Login	555497885	555497883	/HotelApp/	14	7	2017-09-25 12:10:07.4200000	2017-09-25 12:10:07.5350000	114.4134	0	0	2017-09-25 06:40:07.5340000	114.23
	192.168.1.15	192.168.1.15	adactin	555497870	555497875	Login	555497889	555497888	/HotelApp/jQuery-scroll-books/index.html	15	6	2017-09-25 12:10:07.4240000	2017-09-25 12:10:07.6760000	251.7324	200	4037	2017-09-25 06:40:07.6760000	251.453
	192.168.1.15	192.168.1.15	adactin	555497870	555497884	Logout	555497897	555497896	/HotelApp/Logout.php	16	5	2017-09-25 12:10:07.4250000	2017-09-25 12:10:07.7220000	296.3844	0	0	2017-09-25 06:40:07.7210000	296.2724
	192.168.1.15	192.168.1.15	adactin	555497870	555497884	Logout	555497893	555497894	/HotelApp/jQuery-scroll-books/css/bootstrap-theme.min.css	15	6	2017-09-25 12:10:07.7000000	2017-09-25 12:10:07.8190000	119.4047	200	13135	2017-09-25 06:40:07.8120000	112.8351
	192.168.1.15	192.168.1.15	adactin	555497870	555497884	Logout	555497900	555497899	/HotelApp/jQuery-scroll-books/index.html	16	5	2017-09-25 12:10:07.7330000	2017-09-25 12:10:07.8570000	123.6976	200	4037	2017-09-25 06:40:07.8570000	123.2853
	192.168.1.15	192.168.1.15	adactin	555497870	555497875	Login	555497887	555497886	/HotelApp/SearchHotel.php	14	7	2017-09-25 12:10:07.5530000	2017-09-25 12:10:07.8650000	311.4105	0	0	2017-09-25 06:40:07.8640000	311.2391
	192.168.1.15	192.168.1.15	adactin	555497870	555497884	Logout	555497893	555497895	/HotelApp/jQuery-scroll-books/css/bootstrap.min.css	15	6	2017-09-25 12:10:07.7010000	2017-09-25 12:10:07.9350000	234.7388	200	99548	2017-09-25 06:40:07.8150000	114.1171
	192.168.1.15	192.168.1.15	adactin	555497870	555497873	home	555497878	555497880	/HotelApp/css/main.css	16	6	2017-09-25 12:10:07.8860000	2017-09-25 12:10:07.9840000	97.855	200	2679	2017-09-25 06:40:07.9840000	97.5542
	192.168.1.15	192.168.1.15	adactin	555497870	555497884	Logout	555497893	555497891	/HotelApp/jQuery-scroll-books/css/site.css	15	6	2017-09-25 12:10:07.7000000	2017-09-25 12:10:08.1400000	440.398	200	330	2017-09-25 06:40:08.1400000	440.2395
	192.168.1.15	192.168.1.15	adactin	555497870	555497875	Login	555497889	555497888	/HotelApp/jQuery-scroll-books/index.html	14	7	2017-09-25 12:10:07.8890000	2017-09-25 12:10:08.1400000	250.8305	200	4037	2017-09-25 06:40:08.1400000	250.6971
	192.168.1.15	192.168.1.15	adactin	555497870	555497873	home	555497878	555497877	/HotelApp/	16	6	2017-09-25 12:10:07.8870000	2017-09-25 12:10:08.2140000	326.9716	0	0	2017-09-25 06:40:08.2140000	326.7868
	192.168.1.15	192.168.1.15	adactin	555497870	555497884	Logout	555497893	555497891	/HotelApp/jQuery-scroll-books/css/site.css	14	7	2017-09-25 12:10:08.1730000	2017-09-25 12:10:08.2570000	83.2011	200	330	2017-09-25 06:40:08.2560000	82.9552
	192.168.1.15	192.168.1.15	adactin	555497870	555497884	Logout	555497893	555497894	/HotelApp/jQuery-scroll-books/css/bootstrap-theme.min.css	14	7	2017-09-25 12:10:08.1750000	2017-09-25 12:10:08.3160000	140.369	200	13135	2017-09-25 06:40:08.3120000	136.4572
	192.168.1.15	192.168.1.15	adactin	555497870	555497873	home	555497878	555497882	/favicon.ico	16	6	2017-09-25 12:10:08.2290000	2017-09-25 12:10:08.3530000	124.421	200	0	2017-09-25 06:40:08.3530000	124.2894
	192.168.1.15	192.168.1.15	adactin	555497870	555497884	Logout	555497893	555497895	/HotelApp/jQuery-scroll-books/css/bootstrap.min.css	14	7	2017-09-25 12:10:08.1750000	2017-09-25 12:10:08.3730000	197.827	200	99548	2017-09-25 06:40:08.3010000	126.0485
	192.168.1.15	192.168.1.15	adactin	555497870	555497884	Logout	555497897	555497896	/HotelApp/Logout.php	15	6	2017-09-25 12:10:08.1720000	2017-09-25 12:10:08.4140000	241.9051	0	0	2017-09-25 06:40:08.4140000	241.8052
	192.168.1.15	192.168.1.15	adactin	555497870	555497875	Login	555497885	555497883	/HotelApp/	16	6	2017-09-25 12:10:08.3700000	2017-09-25 12:10:08.4730000	103.2153	0	0	2017-09-25 06:40:08.4730000	103.1064
	192.168.1.15	192.168.1.15	adactin	555497870	555497884	Logout	555497900	555497899	/HotelApp/jQuery-scroll-books/index.html	15	6	2017-09-25 12:10:08.4320000	2017-09-25 12:10:08.5690000	136.754	200	4037	2017-09-25 06:40:08.5690000	136.4777
	192.168.1.15	192.168.1.15	adactin	555497870	555497884	Logout	555497897	555497896	/HotelApp/Logout.php	14	7	2017-09-25 12:10:08.3910000	2017-09-25 12:10:08.6790000	288.156	0	0	2017-09-25 06:40:08.6790000	287.9887
	192.168.1.15	192.168.1.15	adactin	555497870	555497873	home	555497878	555497880	/HotelApp/css/main.css	15	7	2017-09-25 12:10:08.5960000	2017-09-25 12:10:08.7220000	126.3412	200	2679	2017-09-25 06:40:08.7220000	126.2189
	192.168.1.15	192.168.1.15	adactin	555497870	555497875	Login	555497887	555497886	/HotelApp/SearchHotel.php	16	6	2017-09-25 12:10:08.4860000	2017-09-25 12:10:08.7490000	263.3929	0	0	2017-09-25 06:40:08.7490000	263.3094
	192.168.1.15	192.168.1.15	adactin	555497870	555497884	Logout	555497900	555497899	/HotelApp/jQuery-scroll-books/index.html	14	7	2017-09-25 12:10:08.7080000	2017-09-25 12:10:08.8780000	169.7263	200	4037	2017-09-25 06:40:08.8780000	169.4479
	192.168.1.15	192.168.1.15	adactin	555497870	555497873	home	555497878	555497877	/HotelApp/	15	7	2017-09-25 12:10:08.5990000	2017-09-25 12:10:08.9380000	338.9774	0	0	2017-09-25 06:40:08.9380000	338.8663
	192.168.1.15	192.168.1.15	adactin	555497870	555497875	Login	555497889	555497888	/HotelApp/jQuery-scroll-books/index.html	16	6	2017-09-25 12:10:08.7560000	2017-09-25 12:10:08.9400000	183.7309	200	4037	2017-09-25 06:40:08.9400000	183.5319
	192.168.1.15	192.168.1.15	adactin	555497870	555497884	Logout	555497893	555497894	/HotelApp/jQuery-scroll-books/css/bootstrap-theme.min.css	16	6	2017-09-25 12:10:08.9630000	2017-09-25 12:10:09.0400000	77.2963	200	13135	2017-09-25 06:40:09.0110000	48.5455
	192.168.1.15	192.168.1.15	adactin	555497870	555497873	home	555497878	555497880	/HotelApp/css/main.css	14	8	2017-09-25 12:10:08.8980000	2017-09-25 12:10:09.0520000	154.4517	200	2679	2017-09-25 06:40:09.0520000	154.1813
	192.168.1.15	192.168.1.15	adactin	555497870	555497884	Logout	555497893	555497891	/HotelApp/jQuery-scroll-books/css/site.css	16	6	2017-09-25 12:10:08.9630000	2017-09-25 12:10:09.0570000	94.3193	200	330	2017-09-25 06:40:09.0570000	94.231
	192.168.1.15	192.168.1.15	adactin	555497870	555497873	home	555497878	555497882	/favicon.ico	15	7	2017-09-25 12:10:08.9480000	2017-09-25 12:10:09.0650000	117.0352	200	0	2017-09-25 06:40:09.0650000	116.9602
	192.168.1.15	192.168.1.15	adactin	555497870	555497873	home	555497878	555497877	/HotelApp/	14	8	2017-09-25 12:10:08.8960000	2017-09-25 12:10:09.1020000	205.809	0	0	2017-09-25 06:40:09.1020000	205.6908
	192.168.1.15	192.168.1.15	adactin	555497870	555497884	Logout	555497893	555497895	/HotelApp/jQuery-scroll-books/css/bootstrap.min.css	16	6	2017-09-25 12:10:08.9650000	2017-09-25 12:10:09.1300000	165.6454	200	99548	2017-09-25 06:40:09.0570000	91.9328
	192.168.1.15	192.168.1.15	adactin	555497870	555497873	home	555497878	555497882	/favicon.ico	14	8	2017-09-25 12:10:09.1120000	2017-09-25 12:10:09.4380000	326.0782	200	0	2017-09-25 06:40:09.4370000	325.8528
	192.168.1.15	192.168.1.15	adactin	555497870	555497875	Login	555497885	555497883	/HotelApp/	15	7	2017-09-25 12:10:09.0890000	2017-09-25 12:10:09.6370000	548.2994	0	0	2017-09-25 06:40:09.6370000	548.1816
	192.168.1.15	192.168.1.15	adactin	555497870	555497875	Login	555497885	555497883	/HotelApp/	14	8	2017-09-25 12:10:09.4530000	2017-09-25 12:10:09.7120000	259.3731	0	0	2017-09-25 06:40:09.7120000	259.2597
	192.168.1.15	192.168.1.15	adactin	555497870	555497884	Logout	555497897	555497896	/HotelApp/Logout.php	16	6	2017-09-25 12:10:09.1380000	2017-09-25 12:10:09.8210000	683.0029	0	0	2017-09-25 06:40:09.8210000	682.9636
	192.168.1.15	192.168.1.15	adactin	555497870	555497884	Logout	555497900	555497899	/HotelApp/jQuery-scroll-books/index.html	16	6	2017-09-25 12:10:09.8320000	2017-09-25 12:10:09.9930000	160.6947	200	4037	2017-09-25 06:40:09.9930000	160.4033
	192.168.1.15	192.168.1.15	adactin	555497870	555497875	Login	555497887	555497886	/HotelApp/SearchHotel.php	15	7	2017-09-25 12:10:09.6580000	2017-09-25 12:10:10.0620000	404.737	0	0	2017-09-25 06:40:10.0620000	404.4884
	192.168.1.15	192.168.1.15	adactin	555497870	555497875	Login	555497887	555497886	/HotelApp/SearchHotel.php	14	8	2017-09-25 12:10:09.7250000	2017-09-25 12:10:10.1310000	406.0106	0	0	2017-09-25 06:40:10.1310000	405.8936
	192.168.1.15	192.168.1.15	adactin	555497870	555497873	home	555497878	555497880	/HotelApp/css/main.css	16	7	2017-09-25 12:10:10.0180000	2017-09-25 12:10:10.1550000	137.061	200	2679	2017-09-25 06:40:10.1550000	136.8923
	192.168.1.19	192.168.1.19	adactin	555497870	555497884	Logout	555497893	555497895	/HotelApp/jQuery-scroll-books/css/bootstrap.min.css	7	11	2017-09-25 12:09:56.2230000	2017-09-25 12:09:57.2450000	1022.5628	200	99548	2017-09-25 06:39:56.4210000	198.4748
	192.168.1.19	192.168.1.19	adactin	555497870	555497875	Login	555497887	555497886	/HotelApp/SearchHotel.php	6	7	2017-09-25 12:09:56.6340000	2017-09-25 12:09:57.3200000	685.9415	0	0	2017-09-25 06:39:57.3190000	685.8254
	192.168.1.19	192.168.1.19	adactin	555497870	555497875	Login	555497887	555497886	/HotelApp/SearchHotel.php	8	6	2017-09-25 12:09:56.6340000	2017-09-25 12:09:57.3410000	707.5181	0	0	2017-09-25 06:39:57.3410000	707.4582
	192.168.1.19	192.168.1.19	adactin	555497870	555497884	Logout	555497897	555497896	/HotelApp/Logout.php	5	12	2017-09-25 12:09:56.8470000	2017-09-25 12:09:57.3420000	495.4264	0	0	2017-09-25 06:39:57.3420000	495.3768
	192.168.1.19	192.168.1.19	adactin	555497870	555497875	Login	555497889	555497888	/HotelApp/jQuery-scroll-books/index.html	8	6	2017-09-25 12:09:57.3960000	2017-09-25 12:09:57.5320000	136.537	200	4037	2017-09-25 06:39:57.5280000	132.0467
	192.168.1.19	192.168.1.19	adactin	555497870	555497875	Login	555497889	555497888	/HotelApp/jQuery-scroll-books/index.html	6	7	2017-09-25 12:09:57.3880000	2017-09-25 12:09:57.5410000	152.8823	200	4037	2017-09-25 06:39:57.5320000	144.5511
	192.168.1.19	192.168.1.19	adactin	555497870	555497884	Logout	555497900	555497899	/HotelApp/jQuery-scroll-books/index.html	5	12	2017-09-25 12:09:57.4180000	2017-09-25 12:09:57.5490000	131.4039	200	4037	2017-09-25 06:39:57.5480000	129.5045
	192.168.1.19	192.168.1.19	adactin	555497870	555497884	Logout	555497897	555497896	/HotelApp/Logout.php	7	11	2017-09-25 12:09:57.2860000	2017-09-25 12:09:57.6130000	327.4713	0	0	2017-09-25 06:39:57.6130000	327.3805
	192.168.1.19	192.168.1.19	adactin	555497870	555497884	Logout	555497893	555497891	/HotelApp/jQuery-scroll-books/css/site.css	8	6	2017-09-25 12:09:57.5890000	2017-09-25 12:09:57.6340000	45.2378	200	330	2017-09-25 06:39:57.6340000	45.0329
	192.168.1.19	192.168.1.19	adactin	555497870	555497884	Logout	555497893	555497891	/HotelApp/jQuery-scroll-books/css/site.css	6	7	2017-09-25 12:09:57.6260000	2017-09-25 12:09:57.7430000	116.3677	200	330	2017-09-25 06:39:57.7430000	116.1534
	192.168.1.19	192.168.1.19	adactin	555497870	555497873	home	555497878	555497880	/HotelApp/css/main.css	5	13	2017-09-25 12:09:57.6540000	2017-09-25 12:09:57.8190000	165.8807	200	2679	2017-09-25 06:39:57.8170000	163.7127
	192.168.1.19	192.168.1.19	adactin	555497870	555497884	Logout	555497893	555497894	/HotelApp/jQuery-scroll-books/css/bootstrap-theme.min.css	6	7	2017-09-25 12:09:57.6800000	2017-09-25 12:09:57.8370000	157.3698	200	13135	2017-09-25 06:39:57.8230000	143.3805
	192.168.1.19	192.168.1.19	adactin	555497870	555497884	Logout	555497900	555497899	/HotelApp/jQuery-scroll-books/index.html	7	11	2017-09-25 12:09:57.6910000	2017-09-25 12:09:57.8670000	175.2037	200	4037	2017-09-25 06:39:57.8660000	174.5038
	192.168.1.19	192.168.1.19	adactin	555497870	555497884	Logout	555497893	555497894	/HotelApp/jQuery-scroll-books/css/bootstrap-theme.min.css	8	6	2017-09-25 12:09:57.6120000	2017-09-25 12:09:57.9100000	298.1716	200	13135	2017-09-25 06:39:57.9010000	288.6353
	192.168.1.19	192.168.1.19	adactin	555497870	555497873	home	555497878	555497877	/HotelApp/	5	13	2017-09-25 12:09:57.5930000	2017-09-25 12:09:57.9210000	328.5585	0	0	2017-09-25 06:39:57.9210000	328.3985
	192.168.1.19	192.168.1.19	adactin	555497870	555497884	Logout	555497893	555497895	/HotelApp/jQuery-scroll-books/css/bootstrap.min.css	8	6	2017-09-25 12:09:57.6830000	2017-09-25 12:09:58.0980000	414.7939	200	99548	2017-09-25 06:39:57.7680000	85.3651
	192.168.1.19	192.168.1.19	adactin	555497870	555497873	home	555497878	555497880	/HotelApp/css/main.css	7	12	2017-09-25 12:09:58.0020000	2017-09-25 12:09:58.1640000	162.8378	200	2679	2017-09-25 06:39:58.1640000	162.6311
	192.168.1.19	192.168.1.19	adactin	555497870	555497884	Logout	555497893	555497895	/HotelApp/jQuery-scroll-books/css/bootstrap.min.css	6	7	2017-09-25 12:09:57.7100000	2017-09-25 12:09:58.2120000	502.7752	200	99548	2017-09-25 06:39:57.8690000	159.7417
	192.168.1.19	192.168.1.19	adactin	555497870	555497873	home	555497878	555497882	/favicon.ico	5	13	2017-09-25 12:09:58.0040000	2017-09-25 12:09:58.2440000	240.916	200	0	2017-09-25 06:39:58.2440000	240.7345
	192.168.1.19	192.168.1.19	adactin	555497870	555497884	Logout	555497897	555497896	/HotelApp/Logout.php	8	6	2017-09-25 12:09:58.1420000	2017-09-25 12:09:58.4100000	268.4856	0	0	2017-09-25 06:39:58.4100000	268.3031
	192.168.1.19	192.168.1.19	adactin	555497870	555497875	Login	555497885	555497883	/HotelApp/	5	13	2017-09-25 12:09:58.2830000	2017-09-25 12:09:58.4980000	215.4339	0	0	2017-09-25 06:39:58.4980000	215.3319
	192.168.1.19	192.168.1.19	adactin	555497870	555497884	Logout	555497897	555497896	/HotelApp/Logout.php	6	7	2017-09-25 12:09:58.2480000	2017-09-25 12:09:58.5560000	307.6145	0	0	2017-09-25 06:39:58.5560000	307.5134
	192.168.1.19	192.168.1.19	adactin	555497870	555497884	Logout	555497900	555497899	/HotelApp/jQuery-scroll-books/index.html	8	6	2017-09-25 12:09:58.4610000	2017-09-25 12:09:58.5800000	118.3494	200	4037	2017-09-25 06:39:58.5790000	117.8198
	192.168.1.19	192.168.1.19	adactin	555497870	555497884	Logout	555497900	555497899	/HotelApp/jQuery-scroll-books/index.html	6	7	2017-09-25 12:09:58.6260000	2017-09-25 12:09:58.7360000	110.6348	200	4037	2017-09-25 06:39:58.7340000	108.3574
	192.168.1.19	192.168.1.19	adactin	555497870	555497873	home	555497878	555497880	/HotelApp/css/main.css	8	7	2017-09-25 12:09:58.6320000	2017-09-25 12:09:58.7820000	150.3681	200	2679	2017-09-25 06:39:58.7690000	137.4231
	192.168.1.19	192.168.1.19	adactin	555497870	555497875	Login	555497887	555497886	/HotelApp/SearchHotel.php	5	13	2017-09-25 12:09:58.5400000	2017-09-25 12:09:58.7970000	256.8346	0	0	2017-09-25 06:39:58.7960000	256.7279
	192.168.1.19	192.168.1.19	adactin	555497870	555497873	home	555497878	555497877	/HotelApp/	8	7	2017-09-25 12:09:58.6210000	2017-09-25 12:09:58.8690000	248.508	0	0	2017-09-25 06:39:58.8690000	248.4023
	192.168.1.19	192.168.1.19	adactin	555497870	555497873	home	555497878	555497880	/HotelApp/css/main.css	6	8	2017-09-25 12:09:58.8390000	2017-09-25 12:09:58.9350000	96.8477	200	2679	2017-09-25 06:39:58.9340000	95.0624
	192.168.1.19	192.168.1.19	adactin	555497870	555497875	Login	555497889	555497888	/HotelApp/jQuery-scroll-books/index.html	5	13	2017-09-25 12:09:58.8550000	2017-09-25 12:09:58.9540000	98.8678	200	4037	2017-09-25 06:39:58.9530000	98.5132
	192.168.1.19	192.168.1.19	adactin	555497870	555497873	home	555497878	555497882	/favicon.ico	8	7	2017-09-25 12:09:58.9040000	2017-09-25 12:09:59.0130000	109.0919	200	0	2017-09-25 06:39:59.0130000	108.9094
	192.168.1.19	192.168.1.19	adactin	555497870	555497873	home	555497878	555497877	/HotelApp/	6	8	2017-09-25 12:09:58.8350000	2017-09-25 12:09:59.0410000	206.7705	0	0	2017-09-25 06:39:59.0410000	206.6788
	192.168.1.19	192.168.1.19	adactin	555497870	555497884	Logout	555497893	555497891	/HotelApp/jQuery-scroll-books/css/site.css	5	13	2017-09-25 12:09:58.9990000	2017-09-25 12:09:59.1150000	116.1113	200	330	2017-09-25 06:39:59.1150000	115.9054
	192.168.1.19	192.168.1.19	adactin	555497870	555497884	Logout	555497893	555497894	/HotelApp/jQuery-scroll-books/css/bootstrap-theme.min.css	5	13	2017-09-25 12:09:59.0060000	2017-09-25 12:09:59.1730000	167.7716	200	13135	2017-09-25 06:39:59.1670000	161.4147
	192.168.1.19	192.168.1.19	adactin	555497870	555497873	home	555497878	555497882	/favicon.ico	6	8	2017-09-25 12:09:59.0760000	2017-09-25 12:09:59.2120000	136.0711	200	0	2017-09-25 06:39:59.2120000	135.8952
	192.168.1.19	192.168.1.19	adactin	555497870	555497875	Login	555497885	555497883	/HotelApp/	8	7	2017-09-25 12:09:59.0830000	2017-09-25 12:09:59.2130000	130.3738	0	0	2017-09-25 06:39:59.2130000	130.2858
	192.168.1.19	192.168.1.19	adactin	555497870	555497875	Login	555497885	555497883	/HotelApp/	6	8	2017-09-25 12:09:59.2580000	2017-09-25 12:09:59.3570000	99.4535	0	0	2017-09-25 06:39:59.3570000	99.3029
	192.168.1.19	192.168.1.19	adactin	555497870	555497873	home	555497878	555497877	/HotelApp/	7	12	2017-09-25 12:09:58.0120000	2017-09-25 12:09:59.3580000	1346.3363	0	0	2017-09-25 06:39:59.3580000	1346.2811
	192.168.1.19	192.168.1.19	adactin	555497870	555497884	Logout	555497893	555497895	/HotelApp/jQuery-scroll-books/css/bootstrap.min.css	5	13	2017-09-25 12:09:59.0250000	2017-09-25 12:09:59.4980000	472.2956	200	99548	2017-09-25 06:39:59.1770000	151.4339
	192.168.1.19	192.168.1.19	adactin	555497870	555497875	Login	555497887	555497886	/HotelApp/SearchHotel.php	8	7	2017-09-25 12:09:59.2710000	2017-09-25 12:09:59.5430000	272.3649	0	0	2017-09-25 06:39:59.5430000	272.2283
	192.168.1.19	192.168.1.19	adactin	555497870	555497873	home	555497878	555497882	/favicon.ico	7	12	2017-09-25 12:09:59.4130000	2017-09-25 12:09:59.5550000	141.3501	200	0	2017-09-25 06:39:59.5550000	141.1752
	192.168.1.19	192.168.1.19	adactin	555497870	555497875	Login	555497887	555497886	/HotelApp/SearchHotel.php	6	8	2017-09-25 12:09:59.4080000	2017-09-25 12:09:59.6500000	242.3709	0	0	2017-09-25 06:39:59.6500000	242.2811
	192.168.1.19	192.168.1.19	adactin	555497870	555497875	Login	555497889	555497888	/HotelApp/jQuery-scroll-books/index.html	8	7	2017-09-25 12:09:59.5830000	2017-09-25 12:09:59.6880000	104.4762	200	4037	2017-09-25 06:39:59.6870000	103.3637
	192.168.1.19	192.168.1.19	adactin	555497870	555497875	Login	555497885	555497883	/HotelApp/	7	12	2017-09-25 12:09:59.5990000	2017-09-25 12:09:59.6930000	93.9911	0	0	2017-09-25 06:39:59.6920000	93.7852
	192.168.1.19	192.168.1.19	adactin	555497870	555497884	Logout	555497897	555497896	/HotelApp/Logout.php	5	13	2017-09-25 12:09:59.5340000	2017-09-25 12:09:59.7470000	212.8739	0	0	2017-09-25 06:39:59.7470000	212.6371
	192.168.1.19	192.168.1.19	adactin	555497870	555497875	Login	555497889	555497888	/HotelApp/jQuery-scroll-books/index.html	6	8	2017-09-25 12:09:59.7850000	2017-09-25 12:09:59.9450000	160.2086	200	4037	2017-09-25 06:39:59.9330000	148.13
	192.168.1.19	192.168.1.19	adactin	555497870	555497884	Logout	555497893	555497894	/HotelApp/jQuery-scroll-books/css/bootstrap-theme.min.css	8	7	2017-09-25 12:09:59.8460000	2017-09-25 12:10:00.0220000	175.9092	200	13135	2017-09-25 06:39:59.9570000	110.952
	192.168.1.19	192.168.1.19	adactin	555497870	555497884	Logout	555497893	555497891	/HotelApp/jQuery-scroll-books/css/site.css	8	7	2017-09-25 12:09:59.8140000	2017-09-25 12:10:00.0330000	218.2568	200	330	2017-09-25 06:40:00.0330000	218.0612
	192.168.1.19	192.168.1.19	adactin	555497870	555497884	Logout	555497893	555497891	/HotelApp/jQuery-scroll-books/css/site.css	6	8	2017-09-25 12:09:59.9960000	2017-09-25 12:10:00.0470000	50.7265	200	330	2017-09-25 06:40:00.0470000	50.5235
	192.168.1.19	192.168.1.19	adactin	555497870	555497884	Logout	555497900	555497899	/HotelApp/jQuery-scroll-books/index.html	5	13	2017-09-25 12:09:59.8830000	2017-09-25 12:10:00.0670000	184.4201	200	4037	2017-09-25 06:40:00.0670000	184.2778
	192.168.1.19	192.168.1.19	adactin	555497870	555497884	Logout	555497893	555497894	/HotelApp/jQuery-scroll-books/css/bootstrap-theme.min.css	6	8	2017-09-25 12:10:00.0970000	2017-09-25 12:10:00.1790000	82.8912	200	13135	2017-09-25 06:40:00.1690000	72.799
	192.168.1.19	192.168.1.19	adactin	555497870	555497875	Login	555497887	555497886	/HotelApp/SearchHotel.php	7	12	2017-09-25 12:09:59.8050000	2017-09-25 12:10:00.2000000	395.3497	0	0	2017-09-25 06:40:00.2000000	395.1401
	192.168.1.19	192.168.1.19	adactin	555497870	555497873	home	555497878	555497880	/HotelApp/css/main.css	5	14	2017-09-25 12:10:00.1620000	2017-09-25 12:10:00.2830000	120.9833	200	2679	2017-09-25 06:40:00.2830000	120.7766
	192.168.1.19	192.168.1.19	adactin	555497870	555497884	Logout	555497893	555497895	/HotelApp/jQuery-scroll-books/css/bootstrap.min.css	6	8	2017-09-25 12:10:00.0200000	2017-09-25 12:10:00.3310000	311.1335	200	99548	2017-09-25 06:40:00.1120000	92.6109
	192.168.1.19	192.168.1.19	adactin	555497870	555497884	Logout	555497893	555497895	/HotelApp/jQuery-scroll-books/css/bootstrap.min.css	8	7	2017-09-25 12:09:59.9010000	2017-09-25 12:10:00.3600000	459.1756	200	99548	2017-09-25 06:40:00.0800000	179.0156
	192.168.1.19	192.168.1.19	adactin	555497870	555497875	Login	555497889	555497888	/HotelApp/jQuery-scroll-books/index.html	7	12	2017-09-25 12:10:00.2610000	2017-09-25 12:10:00.3670000	106.1033	200	4037	2017-09-25 06:40:00.3640000	103.4086
	192.168.1.19	192.168.1.19	adactin	555497870	555497873	home	555497878	555497877	/HotelApp/	5	14	2017-09-25 12:10:00.1410000	2017-09-25 12:10:00.4300000	289.498	0	0	2017-09-25 06:40:00.4300000	289.4091
	192.168.1.19	192.168.1.19	adactin	555497870	555497873	home	555497878	555497882	/favicon.ico	5	14	2017-09-25 12:10:00.4710000	2017-09-25 12:10:00.5780000	106.6722	200	0	2017-09-25 06:40:00.5780000	106.4776
	192.168.1.19	192.168.1.19	adactin	555497870	555497884	Logout	555497897	555497896	/HotelApp/Logout.php	8	7	2017-09-25 12:10:00.4540000	2017-09-25 12:10:00.6880000	233.89	0	0	2017-09-25 06:40:00.6870000	233.789
	192.168.1.19	192.168.1.19	adactin	555497870	555497884	Logout	555497893	555497891	/HotelApp/jQuery-scroll-books/css/site.css	7	12	2017-09-25 12:10:00.5440000	2017-09-25 12:10:00.7020000	157.2004	200	330	2017-09-25 06:40:00.6860000	141.8273
	192.168.1.19	192.168.1.19	adactin	555497870	555497884	Logout	555497897	555497896	/HotelApp/Logout.php	6	8	2017-09-25 12:10:00.4590000	2017-09-25 12:10:00.7080000	249.1246	0	0	2017-09-25 06:40:00.7080000	249.017
	192.168.1.19	192.168.1.19	adactin	555497870	555497884	Logout	555497893	555497894	/HotelApp/jQuery-scroll-books/css/bootstrap-theme.min.css	7	12	2017-09-25 12:10:00.6320000	2017-09-25 12:10:00.7660000	134.3803	200	13135	2017-09-25 06:40:00.7310000	98.6367
	192.168.1.19	192.168.1.19	adactin	555497870	555497875	Login	555497885	555497883	/HotelApp/	5	14	2017-09-25 12:10:00.6610000	2017-09-25 12:10:00.7840000	123.4778	0	0	2017-09-25 06:40:00.7840000	123.3478
	192.168.1.19	192.168.1.19	adactin	555497870	555497884	Logout	555497900	555497899	/HotelApp/jQuery-scroll-books/index.html	8	7	2017-09-25 12:10:00.7720000	2017-09-25 12:10:00.9440000	172.2619	200	4037	2017-09-25 06:40:00.9390000	167.4807
	192.168.1.19	192.168.1.19	adactin	555497870	555497884	Logout	555497900	555497899	/HotelApp/jQuery-scroll-books/index.html	6	8	2017-09-25 12:10:00.8210000	2017-09-25 12:10:01.0340000	213.0021	200	4037	2017-09-25 06:40:01.0240000	203.155
	192.168.1.19	192.168.1.19	adactin	555497870	555497884	Logout	555497893	555497895	/HotelApp/jQuery-scroll-books/css/bootstrap.min.css	7	12	2017-09-25 12:10:00.6830000	2017-09-25 12:10:01.5940000	911.3628	200	99548	2017-09-25 06:40:00.8240000	140.4828
	192.168.1.19	192.168.1.19	adactin	555497870	555497875	Login	555497887	555497886	/HotelApp/SearchHotel.php	5	14	2017-09-25 12:10:00.8440000	2017-09-25 12:10:01.6680000	824.7335	0	0	2017-09-25 06:40:01.6680000	824.6409
	192.168.1.19	192.168.1.19	adactin	555497870	555497873	home	555497878	555497880	/HotelApp/css/main.css	8	8	2017-09-25 12:10:01.1010000	2017-09-25 12:10:01.7010000	600.1983	200	2679	2017-09-25 06:40:01.6920000	590.8322
	192.168.1.19	192.168.1.19	adactin	555497870	555497873	home	555497878	555497880	/HotelApp/css/main.css	6	9	2017-09-25 12:10:01.1220000	2017-09-25 12:10:01.7120000	590.0322	200	2679	2017-09-25 06:40:01.7110000	589.6645
	192.168.1.19	192.168.1.19	adactin	555497870	555497873	home	555497878	555497877	/HotelApp/	8	8	2017-09-25 12:10:00.9940000	2017-09-25 12:10:01.8370000	842.8032	0	0	2017-09-25 06:40:01.8370000	842.7022
	192.168.1.19	192.168.1.19	adactin	555497870	555497875	Login	555497889	555497888	/HotelApp/jQuery-scroll-books/index.html	5	14	2017-09-25 12:10:01.7050000	2017-09-25 12:10:01.8710000	166.2867	200	4037	2017-09-25 06:40:01.8540000	148.8271
	192.168.1.19	192.168.1.19	adactin	555497870	555497873	home	555497878	555497877	/HotelApp/	6	9	2017-09-25 12:10:01.0930000	2017-09-25 12:10:01.8770000	783.9054	0	0	2017-09-25 06:40:01.8760000	783.7127
	192.168.1.19	192.168.1.19	adactin	555497870	555497884	Logout	555497893	555497891	/HotelApp/jQuery-scroll-books/css/site.css	5	14	2017-09-25 12:10:01.9230000	2017-09-25 12:10:01.9680000	45.3099	200	330	2017-09-25 06:40:01.9680000	45.1143
	192.168.1.19	192.168.1.19	adactin	555497870	555497873	home	555497878	555497882	/favicon.ico	8	8	2017-09-25 12:10:01.8710000	2017-09-25 12:10:01.9740000	103.0952	200	0	2017-09-25 06:40:01.9740000	102.9997
	192.168.1.19	192.168.1.19	adactin	555497870	555497873	home	555497878	555497882	/favicon.ico	6	9	2017-09-25 12:10:01.9210000	2017-09-25 12:10:02.0120000	91.5106	200	0	2017-09-25 06:40:02.0120000	91.3375
	192.168.1.19	192.168.1.19	adactin	555497870	555497884	Logout	555497897	555497896	/HotelApp/Logout.php	7	12	2017-09-25 12:10:01.6400000	2017-09-25 12:10:02.0240000	383.679	0	0	2017-09-25 06:40:02.0240000	383.5883
	192.168.1.19	192.168.1.19	adactin	555497870	555497884	Logout	555497893	555497894	/HotelApp/jQuery-scroll-books/css/bootstrap-theme.min.css	5	14	2017-09-25 12:10:01.9490000	2017-09-25 12:10:02.0570000	108.0037	200	13135	2017-09-25 06:40:02.0440000	95.6004
	192.168.1.19	192.168.1.19	adactin	555497870	555497875	Login	555497885	555497883	/HotelApp/	6	9	2017-09-25 12:10:02.0550000	2017-09-25 12:10:02.3550000	300.0533	0	0	2017-09-25 06:40:02.3550000	299.8727
	192.168.1.19	192.168.1.19	adactin	555497870	555497875	Login	555497885	555497883	/HotelApp/	8	8	2017-09-25 12:10:02.0210000	2017-09-25 12:10:02.3550000	334.5047	0	0	2017-09-25 06:40:02.3550000	334.4149
	192.168.1.19	192.168.1.19	adactin	555497870	555497884	Logout	555497900	555497899	/HotelApp/jQuery-scroll-books/index.html	7	12	2017-09-25 12:10:02.0780000	2017-09-25 12:10:02.5400000	461.5747	200	4037	2017-09-25 06:40:02.5360000	457.9854
	192.168.1.19	192.168.1.19	adactin	555497870	555497884	Logout	555497893	555497895	/HotelApp/jQuery-scroll-books/css/bootstrap.min.css	5	14	2017-09-25 12:10:01.9550000	2017-09-25 12:10:02.6700000	714.7256	200	99548	2017-09-25 06:40:02.0720000	117.4502
	192.168.1.19	192.168.1.19	adactin	555497870	555497873	home	555497878	555497880	/HotelApp/css/main.css	7	13	2017-09-25 12:10:02.5910000	2017-09-25 12:10:02.7240000	132.3284	200	2679	2017-09-25 06:40:02.7230000	131.9625
	192.168.1.19	192.168.1.19	adactin	555497870	555497875	Login	555497887	555497886	/HotelApp/SearchHotel.php	8	8	2017-09-25 12:10:02.4160000	2017-09-25 12:10:02.7260000	310.5693	0	0	2017-09-25 06:40:02.7260000	310.0378
	192.168.1.19	192.168.1.19	adactin	555497870	555497875	Login	555497887	555497886	/HotelApp/SearchHotel.php	6	9	2017-09-25 12:10:02.4210000	2017-09-25 12:10:02.7490000	327.9794	0	0	2017-09-25 06:40:02.7490000	327.8849
	192.168.1.9	192.168.1.9	adactin	555497870	555497875	Login	555497885	555497883	/HotelApp/	9	7	2017-09-25 12:09:57.2040000	2017-09-25 12:09:57.3520000	147.7732	0	0	2017-09-25 06:39:57.3520000	147.6647
	192.168.1.9	192.168.1.9	adactin	555497870	555497884	Logout	555497897	555497896	/HotelApp/Logout.php	10	7	2017-09-25 12:09:57.1470000	2017-09-25 12:09:57.3770000	229.6007	0	0	2017-09-25 06:39:57.3770000	229.5395
	192.168.1.9	192.168.1.9	adactin	555497870	555497884	Logout	555497900	555497899	/HotelApp/jQuery-scroll-books/index.html	11	6	2017-09-25 12:09:57.2900000	2017-09-25 12:09:57.4440000	153.3822	200	4037	2017-09-25 06:39:57.4440000	153.0867
	192.168.1.9	192.168.1.9	adactin	555497870	555497884	Logout	555497900	555497899	/HotelApp/jQuery-scroll-books/index.html	10	7	2017-09-25 12:09:57.3960000	2017-09-25 12:09:57.5140000	117.9857	200	4037	2017-09-25 06:39:57.5140000	117.6711
	192.168.1.9	192.168.1.9	adactin	555497870	555497875	Login	555497887	555497886	/HotelApp/SearchHotel.php	12	7	2017-09-25 12:09:57.2960000	2017-09-25 12:09:57.6480000	352.0283	0	0	2017-09-25 06:39:57.6480000	351.8846
	192.168.1.9	192.168.1.9	adactin	555497870	555497873	home	555497878	555497880	/HotelApp/css/main.css	11	7	2017-09-25 12:09:57.4670000	2017-09-25 12:09:57.7370000	269.6331	200	2679	2017-09-25 06:39:57.7370000	269.3716
	192.168.1.9	192.168.1.9	adactin	555497870	555497875	Login	555497887	555497886	/HotelApp/SearchHotel.php	9	7	2017-09-25 12:09:57.3690000	2017-09-25 12:09:57.7430000	373.4882	0	0	2017-09-25 06:39:57.7430000	373.3605
	192.168.1.9	192.168.1.9	adactin	555497870	555497873	home	555497878	555497880	/HotelApp/css/main.css	10	8	2017-09-25 12:09:57.5320000	2017-09-25 12:09:57.7740000	241.9001	200	2679	2017-09-25 06:39:57.7740000	241.473
	192.168.1.9	192.168.1.9	adactin	555497870	555497875	Login	555497889	555497888	/HotelApp/jQuery-scroll-books/index.html	12	7	2017-09-25 12:09:57.6850000	2017-09-25 12:09:57.8200000	134.2905	200	4037	2017-09-25 06:39:57.8200000	134.1227
	192.168.1.9	192.168.1.9	adactin	555497870	555497873	home	555497878	555497877	/HotelApp/	11	7	2017-09-25 12:09:57.4680000	2017-09-25 12:09:57.8290000	360.1408	0	0	2017-09-25 06:39:57.8280000	360.0028
	192.168.1.9	192.168.1.9	adactin	555497870	555497875	Login	555497889	555497888	/HotelApp/jQuery-scroll-books/index.html	9	7	2017-09-25 12:09:57.7660000	2017-09-25 12:09:57.8550000	88.783	200	4037	2017-09-25 06:39:57.8550000	88.4786
	192.168.1.9	192.168.1.9	adactin	555497870	555497884	Logout	555497893	555497894	/HotelApp/jQuery-scroll-books/css/bootstrap-theme.min.css	12	7	2017-09-25 12:09:57.8470000	2017-09-25 12:09:57.9850000	137.7282	200	13135	2017-09-25 06:39:57.9790000	131.5795
	192.168.1.9	192.168.1.9	adactin	555497870	555497884	Logout	555497893	555497891	/HotelApp/jQuery-scroll-books/css/site.css	9	7	2017-09-25 12:09:57.8780000	2017-09-25 12:09:58.0420000	163.3072	200	330	2017-09-25 06:39:58.0410000	163.0349
	192.168.1.9	192.168.1.9	adactin	555497870	555497873	home	555497878	555497882	/favicon.ico	11	7	2017-09-25 12:09:57.8410000	2017-09-25 12:09:58.0430000	201.1714	200	0	2017-09-25 06:39:58.0430000	201.054
	192.168.1.9	192.168.1.9	adactin	555497870	555497873	home	555497878	555497877	/HotelApp/	10	8	2017-09-25 12:09:57.5320000	2017-09-25 12:09:58.0480000	515.0722	0	0	2017-09-25 06:39:58.0470000	514.9294
	192.168.1.9	192.168.1.9	adactin	555497870	555497884	Logout	555497893	555497891	/HotelApp/jQuery-scroll-books/css/site.css	12	7	2017-09-25 12:09:57.8630000	2017-09-25 12:09:58.0870000	223.7257	200	330	2017-09-25 06:39:58.0870000	223.5538
	192.168.1.9	192.168.1.9	adactin	555497870	555497884	Logout	555497893	555497894	/HotelApp/jQuery-scroll-books/css/bootstrap-theme.min.css	9	7	2017-09-25 12:09:57.8780000	2017-09-25 12:09:58.1020000	223.2789	200	13135	2017-09-25 06:39:58.0960000	217.5302
	192.168.1.9	192.168.1.9	adactin	555497870	555497873	home	555497878	555497882	/favicon.ico	10	8	2017-09-25 12:09:58.0620000	2017-09-25 12:09:58.1980000	135.2207	200	0	2017-09-25 06:39:58.1970000	134.9864
	192.168.1.9	192.168.1.9	adactin	555497870	555497875	Login	555497885	555497883	/HotelApp/	11	7	2017-09-25 12:09:58.0620000	2017-09-25 12:09:58.1990000	136.9913	0	0	2017-09-25 06:39:58.1990000	136.8547
	192.168.1.9	192.168.1.9	adactin	555497870	555497875	Login	555497885	555497883	/HotelApp/	10	8	2017-09-25 12:09:58.2380000	2017-09-25 12:09:58.3420000	103.676	0	0	2017-09-25 06:39:58.3420000	103.539
	192.168.1.9	192.168.1.9	adactin	555497870	555497884	Logout	555497893	555497895	/HotelApp/jQuery-scroll-books/css/bootstrap.min.css	9	7	2017-09-25 12:09:57.8810000	2017-09-25 12:09:58.3690000	487.3396	200	99548	2017-09-25 06:39:58.1050000	223.9747
	192.168.1.9	192.168.1.9	adactin	555497870	555497875	Login	555497887	555497886	/HotelApp/SearchHotel.php	11	7	2017-09-25 12:09:58.2280000	2017-09-25 12:09:58.4400000	211.7395	0	0	2017-09-25 06:39:58.4400000	211.6114
	192.168.1.9	192.168.1.9	adactin	555497870	555497875	Login	555497889	555497888	/HotelApp/jQuery-scroll-books/index.html	11	7	2017-09-25 12:09:58.4660000	2017-09-25 12:09:58.5800000	113.2587	200	4037	2017-09-25 06:39:58.5790000	112.9614
	192.168.1.9	192.168.1.9	adactin	555497870	555497875	Login	555497887	555497886	/HotelApp/SearchHotel.php	10	8	2017-09-25 12:09:58.3790000	2017-09-25 12:09:58.5810000	201.6806	0	0	2017-09-25 06:39:58.5810000	201.607
	192.168.1.9	192.168.1.9	adactin	555497870	555497884	Logout	555497893	555497895	/HotelApp/jQuery-scroll-books/css/bootstrap.min.css	12	7	2017-09-25 12:09:57.8630000	2017-09-25 12:09:58.6780000	814.57	200	99548	2017-09-25 06:39:58.1520000	288.7471
	192.168.1.9	192.168.1.9	adactin	555497870	555497884	Logout	555497897	555497896	/HotelApp/Logout.php	9	7	2017-09-25 12:09:58.3850000	2017-09-25 12:09:58.6840000	298.6118	0	0	2017-09-25 06:39:58.6840000	298.4681
	192.168.1.9	192.168.1.9	adactin	555497870	555497884	Logout	555497893	555497894	/HotelApp/jQuery-scroll-books/css/bootstrap-theme.min.css	11	7	2017-09-25 12:09:58.6010000	2017-09-25 12:09:58.7050000	103.8564	200	13135	2017-09-25 06:39:58.6940000	92.4313
	192.168.1.9	192.168.1.9	adactin	555497870	555497884	Logout	555497900	555497899	/HotelApp/jQuery-scroll-books/index.html	9	7	2017-09-25 12:09:58.7040000	2017-09-25 12:09:58.8120000	107.348	200	4037	2017-09-25 06:39:58.8120000	107.1351
	192.168.1.9	192.168.1.9	adactin	555497870	555497875	Login	555497889	555497888	/HotelApp/jQuery-scroll-books/index.html	10	8	2017-09-25 12:09:58.6160000	2017-09-25 12:09:58.8220000	205.8185	200	4037	2017-09-25 06:39:58.8220000	205.6864
	192.168.1.9	192.168.1.9	adactin	555497870	555497884	Logout	555497893	555497891	/HotelApp/jQuery-scroll-books/css/site.css	11	7	2017-09-25 12:09:58.6150000	2017-09-25 12:09:58.8320000	216.4219	200	330	2017-09-25 06:39:58.8320000	216.3255
	192.168.1.9	192.168.1.9	adactin	555497870	555497884	Logout	555497893	555497891	/HotelApp/jQuery-scroll-books/css/site.css	10	8	2017-09-25 12:09:58.8820000	2017-09-25 12:09:59.0080000	126.3406	200	330	2017-09-25 06:39:59.0080000	126.0402
	192.168.1.9	192.168.1.9	adactin	555497870	555497884	Logout	555497893	555497895	/HotelApp/jQuery-scroll-books/css/bootstrap.min.css	11	7	2017-09-25 12:09:58.6080000	2017-09-25 12:09:59.1590000	550.6691	200	99548	2017-09-25 06:39:58.7670000	158.4864
	192.168.1.9	192.168.1.9	adactin	555497870	555497873	home	555497878	555497880	/HotelApp/css/main.css	9	8	2017-09-25 12:09:58.8510000	2017-09-25 12:09:59.1630000	312.3672	200	2679	2017-09-25 06:39:59.1630000	312.2204
	192.168.1.9	192.168.1.9	adactin	555497870	555497884	Logout	555497893	555497894	/HotelApp/jQuery-scroll-books/css/bootstrap-theme.min.css	10	8	2017-09-25 12:09:58.9020000	2017-09-25 12:09:59.1730000	271.5675	200	13135	2017-09-25 06:39:59.1700000	268.5494
	192.168.1.9	192.168.1.9	adactin	555497870	555497884	Logout	555497897	555497896	/HotelApp/Logout.php	12	7	2017-09-25 12:09:58.7040000	2017-09-25 12:09:59.1800000	475.2169	0	0	2017-09-25 06:39:59.1800000	475.0875
	192.168.1.9	192.168.1.9	adactin	555497870	555497884	Logout	555497900	555497899	/HotelApp/jQuery-scroll-books/index.html	12	7	2017-09-25 12:09:59.1990000	2017-09-25 12:09:59.3170000	118.1027	200	4037	2017-09-25 06:39:59.3160000	117.917
	192.168.1.9	192.168.1.9	adactin	555497870	555497873	home	555497878	555497877	/HotelApp/	9	8	2017-09-25 12:09:58.8770000	2017-09-25 12:09:59.3270000	450.1722	0	0	2017-09-25 06:39:59.3270000	450.0414
	192.168.1.9	192.168.1.9	adactin	555497870	555497884	Logout	555497897	555497896	/HotelApp/Logout.php	11	7	2017-09-25 12:09:59.1830000	2017-09-25 12:09:59.4510000	268.6932	0	0	2017-09-25 06:39:59.4510000	268.5463
	192.168.1.9	192.168.1.9	adactin	555497870	555497873	home	555497878	555497882	/favicon.ico	9	8	2017-09-25 12:09:59.3400000	2017-09-25 12:09:59.4510000	111.8876	200	0	2017-09-25 06:39:59.4510000	111.68
	192.168.1.9	192.168.1.9	adactin	555497870	555497873	home	555497878	555497880	/HotelApp/css/main.css	12	8	2017-09-25 12:09:59.3480000	2017-09-25 12:09:59.4680000	120.4838	200	2679	2017-09-25 06:39:59.4680000	120.1125
	192.168.1.9	192.168.1.9	adactin	555497870	555497884	Logout	555497893	555497895	/HotelApp/jQuery-scroll-books/css/bootstrap.min.css	10	8	2017-09-25 12:09:58.9070000	2017-09-25 12:09:59.5340000	627.8819	200	99548	2017-09-25 06:39:59.2090000	302.9483
	192.168.1.9	192.168.1.9	adactin	555497870	555497884	Logout	555497900	555497899	/HotelApp/jQuery-scroll-books/index.html	11	7	2017-09-25 12:09:59.4790000	2017-09-25 12:09:59.5810000	102.4071	200	4037	2017-09-25 06:39:59.5810000	102.2085
	192.168.1.9	192.168.1.9	adactin	555497870	555497875	Login	555497885	555497883	/HotelApp/	9	8	2017-09-25 12:09:59.4880000	2017-09-25 12:09:59.6160000	128.5816	0	0	2017-09-25 06:39:59.6160000	128.4914
	192.168.1.9	192.168.1.9	adactin	555497870	555497873	home	555497878	555497877	/HotelApp/	12	8	2017-09-25 12:09:59.3430000	2017-09-25 12:09:59.6730000	330.447	0	0	2017-09-25 06:39:59.6730000	330.3957
	192.168.1.9	192.168.1.9	adactin	555497870	555497873	home	555497878	555497880	/HotelApp/css/main.css	11	8	2017-09-25 12:09:59.5970000	2017-09-25 12:09:59.6830000	86.8781	200	2679	2017-09-25 06:39:59.6830000	86.679
	192.168.1.9	192.168.1.9	adactin	555497870	555497884	Logout	555497897	555497896	/HotelApp/Logout.php	10	8	2017-09-25 12:09:59.5460000	2017-09-25 12:09:59.7840000	238.2898	0	0	2017-09-25 06:39:59.7840000	238.1608
	192.168.1.9	192.168.1.9	adactin	555497870	555497873	home	555497878	555497882	/favicon.ico	12	8	2017-09-25 12:09:59.6820000	2017-09-25 12:09:59.8070000	125.6653	200	0	2017-09-25 06:39:59.8070000	125.4091
	192.168.1.9	192.168.1.9	adactin	555497870	555497875	Login	555497887	555497886	/HotelApp/SearchHotel.php	9	8	2017-09-25 12:09:59.6390000	2017-09-25 12:09:59.8730000	234.0675	0	0	2017-09-25 06:39:59.8720000	233.9434
	192.168.1.9	192.168.1.9	adactin	555497870	555497873	home	555497878	555497877	/HotelApp/	11	8	2017-09-25 12:09:59.5970000	2017-09-25 12:09:59.8980000	301.0434	0	0	2017-09-25 06:39:59.8980000	300.9805
	192.168.1.9	192.168.1.9	adactin	555497870	555497884	Logout	555497900	555497899	/HotelApp/jQuery-scroll-books/index.html	10	8	2017-09-25 12:09:59.8130000	2017-09-25 12:09:59.9110000	98.0153	200	4037	2017-09-25 06:39:59.9100000	97.6845
	192.168.1.9	192.168.1.9	adactin	555497870	555497875	Login	555497885	555497883	/HotelApp/	12	8	2017-09-25 12:09:59.8290000	2017-09-25 12:09:59.9330000	104.8316	0	0	2017-09-25 06:39:59.9330000	104.7463
	192.168.1.9	192.168.1.9	adactin	555497870	555497875	Login	555497889	555497888	/HotelApp/jQuery-scroll-books/index.html	9	8	2017-09-25 12:09:59.9180000	2017-09-25 12:10:00.0060000	88.1443	200	4037	2017-09-25 06:40:00.0050000	87.673
	192.168.1.9	192.168.1.9	adactin	555497870	555497873	home	555497878	555497882	/favicon.ico	11	8	2017-09-25 12:09:59.9120000	2017-09-25 12:10:00.0060000	94.7955	200	0	2017-09-25 06:40:00.0060000	94.6714
	192.168.1.9	192.168.1.9	adactin	555497870	555497873	home	555497878	555497880	/HotelApp/css/main.css	10	9	2017-09-25 12:09:59.9320000	2017-09-25 12:10:00.0200000	88.1965	200	2679	2017-09-25 06:40:00.0190000	87.8609
	192.168.1.9	192.168.1.9	adactin	555497870	555497884	Logout	555497893	555497891	/HotelApp/jQuery-scroll-books/css/site.css	9	8	2017-09-25 12:10:00.0370000	2017-09-25 12:10:00.0860000	49.2013	200	330	2017-09-25 06:40:00.0860000	48.9474
	192.168.1.9	192.168.1.9	adactin	555497870	555497875	Login	555497887	555497886	/HotelApp/SearchHotel.php	12	8	2017-09-25 12:09:59.9440000	2017-09-25 12:10:00.1250000	181.5892	0	0	2017-09-25 06:40:00.1250000	181.4785
	192.168.1.9	192.168.1.9	adactin	555497870	555497884	Logout	555497893	555497894	/HotelApp/jQuery-scroll-books/css/bootstrap-theme.min.css	9	8	2017-09-25 12:10:00.0500000	2017-09-25 12:10:00.1560000	106.1188	200	13135	2017-09-25 06:40:00.1490000	99.4645
	192.168.1.9	192.168.1.9	adactin	555497870	555497875	Login	555497885	555497883	/HotelApp/	11	8	2017-09-25 12:10:00.0490000	2017-09-25 12:10:00.1590000	109.9286	0	0	2017-09-25 06:40:00.1580000	109.813
	192.168.1.9	192.168.1.9	adactin	555497870	555497873	home	555497878	555497877	/HotelApp/	10	9	2017-09-25 12:09:59.9220000	2017-09-25 12:10:00.1940000	272.1522	0	0	2017-09-25 06:40:00.1940000	272.1004
	192.168.1.9	192.168.1.9	adactin	555497870	555497875	Login	555497889	555497888	/HotelApp/jQuery-scroll-books/index.html	12	8	2017-09-25 12:10:00.1380000	2017-09-25 12:10:00.2520000	114.8677	200	4037	2017-09-25 06:40:00.2520000	114.5798
	192.168.1.9	192.168.1.9	adactin	555497870	555497884	Logout	555497893	555497895	/HotelApp/jQuery-scroll-books/css/bootstrap.min.css	9	8	2017-09-25 12:10:00.0420000	2017-09-25 12:10:00.3370000	295.5554	200	99548	2017-09-25 06:40:00.1380000	96.9209
	192.168.1.9	192.168.1.9	adactin	555497870	555497884	Logout	555497893	555497891	/HotelApp/jQuery-scroll-books/css/site.css	12	8	2017-09-25 12:10:00.2720000	2017-09-25 12:10:00.3430000	70.9446	200	330	2017-09-25 06:40:00.3420000	70.4711
	192.168.1.9	192.168.1.9	adactin	555497870	555497873	home	555497878	555497882	/favicon.ico	10	9	2017-09-25 12:10:00.2040000	2017-09-25 12:10:00.3460000	142.399	200	0	2017-09-25 06:40:00.3460000	142.3106
	192.168.1.9	192.168.1.9	adactin	555497870	555497884	Logout	555497893	555497894	/HotelApp/jQuery-scroll-books/css/bootstrap-theme.min.css	12	8	2017-09-25 12:10:00.2740000	2017-09-25 12:10:00.4190000	145.1769	200	13135	2017-09-25 06:40:00.4120000	138.3334
	192.168.1.9	192.168.1.9	adactin	555497870	555497875	Login	555497887	555497886	/HotelApp/SearchHotel.php	11	8	2017-09-25 12:10:00.1870000	2017-09-25 12:10:00.4510000	264.0237	0	0	2017-09-25 06:40:00.4510000	263.9362
	192.168.1.9	192.168.1.9	adactin	555497870	555497875	Login	555497885	555497883	/HotelApp/	10	9	2017-09-25 12:10:00.3590000	2017-09-25 12:10:00.5170000	158.6582	0	0	2017-09-25 06:40:00.5170000	158.5743
	192.168.1.9	192.168.1.9	adactin	555497870	555497884	Logout	555497893	555497895	/HotelApp/jQuery-scroll-books/css/bootstrap.min.css	12	8	2017-09-25 12:10:00.2800000	2017-09-25 12:10:00.9400000	659.9591	200	99548	2017-09-25 06:40:00.4380000	158.1467
	192.168.1.9	192.168.1.9	adactin	555497870	555497875	Login	555497889	555497888	/HotelApp/jQuery-scroll-books/index.html	11	8	2017-09-25 12:10:00.4770000	2017-09-25 12:10:00.9510000	474.2971	200	4037	2017-09-25 06:40:00.9510000	474.002
	192.168.1.9	192.168.1.9	adactin	555497870	555497884	Logout	555497897	555497896	/HotelApp/Logout.php	9	8	2017-09-25 12:10:00.3550000	2017-09-25 12:10:00.9590000	604.2346	0	0	2017-09-25 06:40:00.9590000	604.0936
	192.168.1.9	192.168.1.9	adactin	555497870	555497884	Logout	555497893	555497891	/HotelApp/jQuery-scroll-books/css/site.css	11	8	2017-09-25 12:10:00.9860000	2017-09-25 12:10:01.3370000	351.6882	200	330	2017-09-25 06:40:01.3370000	351.5641
	192.168.1.9	192.168.1.9	adactin	555497870	555497884	Logout	555497893	555497894	/HotelApp/jQuery-scroll-books/css/bootstrap-theme.min.css	11	8	2017-09-25 12:10:00.9780000	2017-09-25 12:10:01.4580000	480.7264	200	13135	2017-09-25 06:40:01.2750000	297.7058
	192.168.1.9	192.168.1.9	adactin	555497870	555497884	Logout	555497900	555497899	/HotelApp/jQuery-scroll-books/index.html	9	8	2017-09-25 12:10:00.9950000	2017-09-25 12:10:01.4840000	489.1406	200	4037	2017-09-25 06:40:01.4830000	488.7866
	192.168.1.9	192.168.1.9	adactin	555497870	555497875	Login	555497887	555497886	/HotelApp/SearchHotel.php	10	9	2017-09-25 12:10:00.5290000	2017-09-25 12:10:01.4930000	964.7133	0	0	2017-09-25 06:40:01.4930000	964.5749
	192.168.1.9	192.168.1.9	adactin	555497870	555497884	Logout	555497897	555497896	/HotelApp/Logout.php	12	8	2017-09-25 12:10:00.9700000	2017-09-25 12:10:01.7260000	756.7586	0	0	2017-09-25 06:40:01.7260000	756.3564
	192.168.1.9	192.168.1.9	adactin	555497870	555497873	home	555497878	555497880	/HotelApp/css/main.css	9	9	2017-09-25 12:10:01.5070000	2017-09-25 12:10:01.8850000	378.3054	200	2679	2017-09-25 06:40:01.8850000	378.0438
	192.168.1.9	192.168.1.9	adactin	555497870	555497884	Logout	555497893	555497895	/HotelApp/jQuery-scroll-books/css/bootstrap.min.css	11	8	2017-09-25 12:10:00.9920000	2017-09-25 12:10:02.0290000	1037.292	200	99548	2017-09-25 06:40:01.3990000	407.5073
	192.168.1.9	192.168.1.9	adactin	555497870	555497875	Login	555497889	555497888	/HotelApp/jQuery-scroll-books/index.html	10	9	2017-09-25 12:10:01.5190000	2017-09-25 12:10:02.0590000	540.6249	200	4037	2017-09-25 06:40:02.0590000	540.3165
	192.168.1.9	192.168.1.9	adactin	555497870	555497884	Logout	555497893	555497891	/HotelApp/jQuery-scroll-books/css/site.css	10	9	2017-09-25 12:10:02.0770000	2017-09-25 12:10:02.3660000	289.0399	200	330	2017-09-25 06:40:02.3650000	288.7757
	192.168.1.9	192.168.1.9	adactin	555497870	555497884	Logout	555497900	555497899	/HotelApp/jQuery-scroll-books/index.html	12	8	2017-09-25 12:10:01.7430000	2017-09-25 12:10:02.3950000	652.2447	200	4037	2017-09-25 06:40:02.3950000	652.0738
	192.168.1.9	192.168.1.9	adactin	555497870	555497873	home	555497878	555497877	/HotelApp/	9	9	2017-09-25 12:10:01.5250000	2017-09-25 12:10:02.3980000	873.4688	0	0	2017-09-25 06:40:02.3980000	873.3295
	192.168.1.9	192.168.1.9	adactin	555497870	555497884	Logout	555497893	555497894	/HotelApp/jQuery-scroll-books/css/bootstrap-theme.min.css	10	9	2017-09-25 12:10:02.0810000	2017-09-25 12:10:02.4630000	382.2536	200	13135	2017-09-25 06:40:02.4320000	351.7355
	192.168.1.9	192.168.1.9	adactin	555497870	555497884	Logout	555497897	555497896	/HotelApp/Logout.php	11	8	2017-09-25 12:10:02.0780000	2017-09-25 12:10:02.5440000	466.4613	0	0	2017-09-25 06:40:02.5440000	466.3207
	192.168.1.9	192.168.1.9	adactin	555497870	555497873	home	555497878	555497882	/favicon.ico	9	9	2017-09-25 12:10:02.4120000	2017-09-25 12:10:02.5460000	134.3316	200	0	2017-09-25 06:40:02.5460000	134.1986
	192.168.1.9	192.168.1.9	adactin	555497870	555497873	home	555497878	555497880	/HotelApp/css/main.css	12	9	2017-09-25 12:10:02.4180000	2017-09-25 12:10:02.5950000	177.5339	200	2679	2017-09-25 06:40:02.5950000	177.221
	192.168.1.9	192.168.1.9	adactin	555497870	555497873	home	555497878	555497877	/HotelApp/	12	9	2017-09-25 12:10:02.4180000	2017-09-25 12:10:02.6380000	220.4559	0	0	2017-09-25 06:40:02.6380000	220.3295
	192.168.1.9	192.168.1.9	adactin	555497870	555497884	Logout	555497900	555497899	/HotelApp/jQuery-scroll-books/index.html	11	8	2017-09-25 12:10:02.5790000	2017-09-25 12:10:02.6970000	118.4999	200	4037	2017-09-25 06:40:02.6970000	118.2031
	192.168.1.9	192.168.1.9	adactin	555497870	555497875	Login	555497885	555497883	/HotelApp/	9	9	2017-09-25 12:10:02.5880000	2017-09-25 12:10:02.7030000	114.8891	0	0	2017-09-25 06:40:02.7020000	114.6981
	192.168.1.9	192.168.1.9	adactin	555497870	555497873	home	555497878	555497882	/favicon.ico	12	9	2017-09-25 12:10:02.6520000	2017-09-25 12:10:02.7480000	96.1768	200	0	2017-09-25 06:40:02.7480000	95.8774
	192.168.1.9	192.168.1.9	adactin	555497870	555497884	Logout	555497893	555497895	/HotelApp/jQuery-scroll-books/css/bootstrap.min.css	10	9	2017-09-25 12:10:02.0850000	2017-09-25 12:10:02.7650000	680.2335	200	99548	2017-09-25 06:40:02.4710000	386.0148
	192.168.1.8	192.168.1.8	adactin	555497870	555497884	Logout	555497893	555497895	/HotelApp/jQuery-scroll-books/css/bootstrap.min.css	4	11	2017-09-25 12:09:56.2160000	2017-09-25 12:09:56.7300000	514.147	200	99548	2017-09-25 06:39:56.3810000	165.6207
	192.168.1.8	192.168.1.8	adactin	555497870	555497884	Logout	555497900	555497899	/HotelApp/jQuery-scroll-books/index.html	2	12	2017-09-25 12:09:56.6040000	2017-09-25 12:09:56.8260000	222.4617	200	4037	2017-09-25 06:39:56.8260000	222.3053
	192.168.1.8	192.168.1.8	adactin	555497870	555497884	Logout	555497893	555497895	/HotelApp/jQuery-scroll-books/css/bootstrap.min.css	1	13	2017-09-25 12:09:56.3180000	2017-09-25 12:09:57.0090000	691.7692	200	99548	2017-09-25 06:39:56.5420000	223.9518
	192.168.1.8	192.168.1.8	adactin	555497870	555497873	home	555497878	555497880	/HotelApp/css/main.css	2	13	2017-09-25 12:09:56.8560000	2017-09-25 12:09:57.0280000	172.3053	200	2679	2017-09-25 06:39:57.0280000	172.167
	192.168.1.8	192.168.1.8	adactin	555497870	555497884	Logout	555497897	555497896	/HotelApp/Logout.php	4	11	2017-09-25 12:09:56.7410000	2017-09-25 12:09:57.0580000	317.2212	0	0	2017-09-25 06:39:57.0580000	317.164
	192.168.1.8	192.168.1.8	adactin	555497870	555497884	Logout	555497900	555497899	/HotelApp/jQuery-scroll-books/index.html	4	11	2017-09-25 12:09:57.0740000	2017-09-25 12:09:57.2100000	136.113	200	4037	2017-09-25 06:39:57.2100000	135.9474
	192.168.1.8	192.168.1.8	adactin	555497870	555497873	home	555497878	555497877	/HotelApp/	2	13	2017-09-25 12:09:56.8730000	2017-09-25 12:09:57.2700000	397.564	0	0	2017-09-25 06:39:57.2700000	397.5058
	192.168.1.8	192.168.1.8	adactin	555497870	555497873	home	555497878	555497880	/HotelApp/css/main.css	4	12	2017-09-25 12:09:57.2280000	2017-09-25 12:09:57.3240000	96.2793	200	2679	2017-09-25 06:39:57.3240000	96.1498
	192.168.1.8	192.168.1.8	adactin	555497870	555497884	Logout	555497897	555497896	/HotelApp/Logout.php	1	13	2017-09-25 12:09:57.0310000	2017-09-25 12:09:57.3280000	297.7586	0	0	2017-09-25 06:39:57.3280000	297.7028
	192.168.1.8	192.168.1.8	adactin	555497870	555497873	home	555497878	555497882	/favicon.ico	2	13	2017-09-25 12:09:57.2820000	2017-09-25 12:09:57.3750000	92.7899	200	0	2017-09-25 06:39:57.3740000	92.6833
	192.168.1.8	192.168.1.8	adactin	555497870	555497884	Logout	555497900	555497899	/HotelApp/jQuery-scroll-books/index.html	1	13	2017-09-25 12:09:57.3390000	2017-09-25 12:09:57.4420000	102.9586	200	4037	2017-09-25 06:39:57.4420000	102.7905
	192.168.1.8	192.168.1.8	adactin	555497870	555497873	home	555497878	555497877	/HotelApp/	4	12	2017-09-25 12:09:57.2250000	2017-09-25 12:09:57.5020000	277.5189	0	0	2017-09-25 06:39:57.5020000	277.4607
	192.168.1.8	192.168.1.8	adactin	555497870	555497875	Login	555497885	555497883	/HotelApp/	2	13	2017-09-25 12:09:57.4180000	2017-09-25 12:09:57.5110000	92.8065	0	0	2017-09-25 06:39:57.5100000	92.6863
	192.168.1.8	192.168.1.8	adactin	555497870	555497873	home	555497878	555497880	/HotelApp/css/main.css	1	14	2017-09-25 12:09:57.4590000	2017-09-25 12:09:57.6010000	142.2029	200	2679	2017-09-25 06:39:57.6010000	142.0802
	192.168.1.8	192.168.1.8	adactin	555497870	555497873	home	555497878	555497882	/favicon.ico	4	12	2017-09-25 12:09:57.5120000	2017-09-25 12:09:57.6560000	144.1241	200	0	2017-09-25 06:39:57.6560000	144.0116
	192.168.1.8	192.168.1.8	adactin	555497870	555497875	Login	555497885	555497883	/HotelApp/	4	12	2017-09-25 12:09:57.6740000	2017-09-25 12:09:57.7690000	95.6968	0	0	2017-09-25 06:39:57.7690000	95.6381
	192.168.1.8	192.168.1.8	adactin	555497870	555497873	home	555497878	555497877	/HotelApp/	1	14	2017-09-25 12:09:57.4580000	2017-09-25 12:09:57.7720000	313.8143	0	0	2017-09-25 06:39:57.7710000	313.7498
	192.168.1.8	192.168.1.8	adactin	555497870	555497875	Login	555497887	555497886	/HotelApp/SearchHotel.php	2	13	2017-09-25 12:09:57.5440000	2017-09-25 12:09:57.7940000	249.8102	0	0	2017-09-25 06:39:57.7930000	249.7525
	192.168.1.8	192.168.1.8	adactin	555497870	555497873	home	555497878	555497882	/favicon.ico	1	14	2017-09-25 12:09:57.7780000	2017-09-25 12:09:57.8880000	110.1437	200	0	2017-09-25 06:39:57.8880000	110.0342
	192.168.1.8	192.168.1.8	adactin	555497870	555497875	Login	555497889	555497888	/HotelApp/jQuery-scroll-books/index.html	2	13	2017-09-25 12:09:57.8200000	2017-09-25 12:09:57.9790000	159.2513	200	4037	2017-09-25 06:39:57.9790000	159.0861
	192.168.1.8	192.168.1.8	adactin	555497870	555497884	Logout	555497893	555497894	/HotelApp/jQuery-scroll-books/css/bootstrap-theme.min.css	2	13	2017-09-25 12:09:57.9960000	2017-09-25 12:09:58.0600000	64.2939	200	13135	2017-09-25 06:39:58.0400000	44.4471
	192.168.1.8	192.168.1.8	adactin	555497870	555497875	Login	555497887	555497886	/HotelApp/SearchHotel.php	4	12	2017-09-25 12:09:57.7870000	2017-09-25 12:09:58.0700000	283.0731	0	0	2017-09-25 06:39:58.0700000	283.015
	192.168.1.8	192.168.1.8	adactin	555497870	555497875	Login	555497885	555497883	/HotelApp/	1	14	2017-09-25 12:09:57.9020000	2017-09-25 12:09:58.0740000	172.1142	0	0	2017-09-25 06:39:58.0740000	172.0605
	192.168.1.8	192.168.1.8	adactin	555497870	555497884	Logout	555497893	555497891	/HotelApp/jQuery-scroll-books/css/site.css	2	13	2017-09-25 12:09:58.0120000	2017-09-25 12:09:58.1170000	104.9222	200	330	2017-09-25 06:39:58.1170000	104.7922
	192.168.1.8	192.168.1.8	adactin	555497870	555497875	Login	555497889	555497888	/HotelApp/jQuery-scroll-books/index.html	4	12	2017-09-25 12:09:58.0850000	2017-09-25 12:09:58.1970000	112.3688	200	4037	2017-09-25 06:39:58.1970000	112.2031
	192.168.1.8	192.168.1.8	adactin	555497870	555497884	Logout	555497893	555497895	/HotelApp/jQuery-scroll-books/css/bootstrap.min.css	2	13	2017-09-25 12:09:57.9990000	2017-09-25 12:09:58.2920000	293.1788	200	99548	2017-09-25 06:39:58.1210000	122.6426
	192.168.1.8	192.168.1.8	adactin	555497870	555497884	Logout	555497893	555497894	/HotelApp/jQuery-scroll-books/css/bootstrap-theme.min.css	4	12	2017-09-25 12:09:58.2210000	2017-09-25 12:09:58.3370000	116.4437	200	13135	2017-09-25 06:39:58.3200000	99.172
	192.168.1.8	192.168.1.8	adactin	555497870	555497884	Logout	555497893	555497891	/HotelApp/jQuery-scroll-books/css/site.css	4	12	2017-09-25 12:09:58.2370000	2017-09-25 12:09:58.4120000	174.7616	200	330	2017-09-25 06:39:58.4110000	174.6365
	192.168.1.8	192.168.1.8	adactin	555497870	555497875	Login	555497887	555497886	/HotelApp/SearchHotel.php	1	14	2017-09-25 12:09:58.0880000	2017-09-25 12:09:58.4390000	351.4327	0	0	2017-09-25 06:39:58.4390000	351.3716
	192.168.1.8	192.168.1.8	adactin	555497870	555497884	Logout	555497897	555497896	/HotelApp/Logout.php	2	13	2017-09-25 12:09:58.3200000	2017-09-25 12:09:58.5500000	230.2088	0	0	2017-09-25 06:39:58.5500000	230.1502
	192.168.1.8	192.168.1.8	adactin	555497870	555497875	Login	555497889	555497888	/HotelApp/jQuery-scroll-books/index.html	1	14	2017-09-25 12:09:58.4710000	2017-09-25 12:09:58.5780000	107.2691	200	4037	2017-09-25 06:39:58.5780000	107.1097
	192.168.1.8	192.168.1.8	adactin	555497870	555497884	Logout	555497893	555497895	/HotelApp/jQuery-scroll-books/css/bootstrap.min.css	4	12	2017-09-25 12:09:58.2270000	2017-09-25 12:09:58.6150000	387.7374	200	99548	2017-09-25 06:39:58.4010000	174.2094
	192.168.1.8	192.168.1.8	adactin	555497870	555497884	Logout	555497900	555497899	/HotelApp/jQuery-scroll-books/index.html	2	13	2017-09-25 12:09:58.5610000	2017-09-25 12:09:58.6600000	99.413	200	4037	2017-09-25 06:39:58.6600000	99.2746
	192.168.1.8	192.168.1.8	adactin	555497870	555497884	Logout	555497893	555497894	/HotelApp/jQuery-scroll-books/css/bootstrap-theme.min.css	1	14	2017-09-25 12:09:58.6050000	2017-09-25 12:09:58.6630000	58.2509	200	13135	2017-09-25 06:39:58.6630000	58.0197
	192.168.1.8	192.168.1.8	adactin	555497870	555497884	Logout	555497893	555497891	/HotelApp/jQuery-scroll-books/css/site.css	1	14	2017-09-25 12:09:58.6560000	2017-09-25 12:09:58.7450000	89.5306	200	330	2017-09-25 06:39:58.7450000	89.4041
	192.168.1.8	192.168.1.8	adactin	555497870	555497873	home	555497878	555497880	/HotelApp/css/main.css	2	14	2017-09-25 12:09:58.6860000	2017-09-25 12:09:58.7920000	106.5052	200	2679	2017-09-25 06:39:58.7920000	106.3757
	192.168.1.8	192.168.1.8	adactin	555497870	555497884	Logout	555497893	555497895	/HotelApp/jQuery-scroll-books/css/bootstrap.min.css	1	14	2017-09-25 12:09:58.6070000	2017-09-25 12:09:58.8930000	285.8437	200	99548	2017-09-25 06:39:58.7230000	116.3753
	192.168.1.8	192.168.1.8	adactin	555497870	555497884	Logout	555497897	555497896	/HotelApp/Logout.php	4	12	2017-09-25 12:09:58.6600000	2017-09-25 12:09:58.9490000	288.7134	0	0	2017-09-25 06:39:58.9480000	288.6597
	192.168.1.8	192.168.1.8	adactin	555497870	555497873	home	555497878	555497877	/HotelApp/	2	14	2017-09-25 12:09:58.6810000	2017-09-25 12:09:59.0000000	319.3339	0	0	2017-09-25 06:39:59.0000000	319.2762
	192.168.1.8	192.168.1.8	adactin	555497870	555497884	Logout	555497900	555497899	/HotelApp/jQuery-scroll-books/index.html	4	12	2017-09-25 12:09:58.9560000	2017-09-25 12:09:59.1300000	174.3433	200	4037	2017-09-25 06:39:59.1300000	174.1791
	192.168.1.8	192.168.1.8	adactin	555497870	555497873	home	555497878	555497882	/favicon.ico	2	14	2017-09-25 12:09:59.0160000	2017-09-25 12:09:59.1320000	116.3606	200	0	2017-09-25 06:39:59.1320000	116.257
	192.168.1.8	192.168.1.8	adactin	555497870	555497884	Logout	555497897	555497896	/HotelApp/Logout.php	1	14	2017-09-25 12:09:58.9250000	2017-09-25 12:09:59.1430000	218.5275	0	0	2017-09-25 06:39:59.1430000	218.4684
	192.168.1.8	192.168.1.8	adactin	555497870	555497875	Login	555497885	555497883	/HotelApp/	2	14	2017-09-25 12:09:59.1630000	2017-09-25 12:09:59.2490000	86.2621	0	0	2017-09-25 06:39:59.2490000	86.2049
	192.168.1.8	192.168.1.8	adactin	555497870	555497884	Logout	555497900	555497899	/HotelApp/jQuery-scroll-books/index.html	1	14	2017-09-25 12:09:59.1670000	2017-09-25 12:09:59.2520000	84.9968	200	4037	2017-09-25 06:39:59.2520000	84.8365
	192.168.1.8	192.168.1.8	adactin	555497870	555497873	home	555497878	555497880	/HotelApp/css/main.css	4	13	2017-09-25 12:09:59.1720000	2017-09-25 12:09:59.2600000	87.9125	200	2679	2017-09-25 06:39:59.2600000	87.7854
	192.168.1.8	192.168.1.8	adactin	555497870	555497873	home	555497878	555497877	/HotelApp/	4	13	2017-09-25 12:09:59.1470000	2017-09-25 12:09:59.3320000	184.729	0	0	2017-09-25 06:39:59.3320000	184.6728
	192.168.1.8	192.168.1.8	adactin	555497870	555497873	home	555497878	555497880	/HotelApp/css/main.css	1	15	2017-09-25 12:09:59.2880000	2017-09-25 12:09:59.3880000	99.8772	200	2679	2017-09-25 06:39:59.3880000	99.756
	192.168.1.8	192.168.1.8	adactin	555497870	555497873	home	555497878	555497882	/favicon.ico	4	13	2017-09-25 12:09:59.3380000	2017-09-25 12:09:59.4010000	63.1972	200	0	2017-09-25 06:39:59.4010000	63.0828
	192.168.1.8	192.168.1.8	adactin	555497870	555497875	Login	555497887	555497886	/HotelApp/SearchHotel.php	2	14	2017-09-25 12:09:59.2920000	2017-09-25 12:09:59.4920000	200.6303	0	0	2017-09-25 06:39:59.4920000	200.5726
	192.168.1.8	192.168.1.8	adactin	555497870	555497875	Login	555497885	555497883	/HotelApp/	4	13	2017-09-25 12:09:59.4150000	2017-09-25 12:09:59.5120000	97.441	0	0	2017-09-25 06:39:59.5120000	97.3794
	192.168.1.8	192.168.1.8	adactin	555497870	555497873	home	555497878	555497877	/HotelApp/	1	15	2017-09-25 12:09:59.2750000	2017-09-25 12:09:59.5500000	275.4624	0	0	2017-09-25 06:39:59.5500000	275.4047
	192.168.1.8	192.168.1.8	adactin	555497870	555497875	Login	555497889	555497888	/HotelApp/jQuery-scroll-books/index.html	2	14	2017-09-25 12:09:59.5180000	2017-09-25 12:09:59.6460000	127.8019	200	4037	2017-09-25 06:39:59.6450000	127.6353
	192.168.1.8	192.168.1.8	adactin	555497870	555497873	home	555497878	555497882	/favicon.ico	1	15	2017-09-25 12:09:59.5650000	2017-09-25 12:09:59.6790000	114.1262	200	0	2017-09-25 06:39:59.6790000	114.0177
	192.168.1.8	192.168.1.8	adactin	555497870	555497884	Logout	555497893	555497894	/HotelApp/jQuery-scroll-books/css/bootstrap-theme.min.css	2	14	2017-09-25 12:09:59.6670000	2017-09-25 12:09:59.7550000	88.1437	200	13135	2017-09-25 06:39:59.7370000	69.7294
	192.168.1.8	192.168.1.8	adactin	555497870	555497875	Login	555497887	555497886	/HotelApp/SearchHotel.php	4	13	2017-09-25 12:09:59.5250000	2017-09-25 12:09:59.7620000	237.4745	0	0	2017-09-25 06:39:59.7620000	237.4198
	192.168.1.8	192.168.1.8	adactin	555497870	555497884	Logout	555497893	555497891	/HotelApp/jQuery-scroll-books/css/site.css	2	14	2017-09-25 12:09:59.6870000	2017-09-25 12:09:59.8180000	131.2273	200	330	2017-09-25 06:39:59.8180000	131.111
	192.168.1.8	192.168.1.8	adactin	555497870	555497875	Login	555497885	555497883	/HotelApp/	1	15	2017-09-25 12:09:59.6900000	2017-09-25 12:10:00.1570000	466.7245	0	0	2017-09-25 06:40:00.1570000	466.6659
	192.168.1.8	192.168.1.8	adactin	555497870	555497875	Login	555497889	555497888	/HotelApp/jQuery-scroll-books/index.html	4	13	2017-09-25 12:09:59.7700000	2017-09-25 12:10:00.2570000	487.2095	200	4037	2017-09-25 06:40:00.2570000	487.0478
	192.168.1.8	192.168.1.8	adactin	555497870	555497884	Logout	555497893	555497891	/HotelApp/jQuery-scroll-books/css/site.css	4	13	2017-09-25 12:10:00.2760000	2017-09-25 12:10:00.3640000	88.3431	200	330	2017-09-25 06:40:00.3640000	88.2096
	192.168.1.8	192.168.1.8	adactin	555497870	555497884	Logout	555497893	555497894	/HotelApp/jQuery-scroll-books/css/bootstrap-theme.min.css	4	13	2017-09-25 12:10:00.2780000	2017-09-25 12:10:00.4290000	150.7867	200	13135	2017-09-25 06:40:00.4170000	139.3527
	192.168.1.8	192.168.1.8	adactin	555497870	555497884	Logout	555497893	555497895	/HotelApp/jQuery-scroll-books/css/bootstrap.min.css	2	14	2017-09-25 12:09:59.6720000	2017-09-25 12:10:00.5460000	873.9422	200	99548	2017-09-25 06:39:59.8210000	149.6133
	192.168.1.8	192.168.1.8	adactin	555497870	555497875	Login	555497887	555497886	/HotelApp/SearchHotel.php	1	15	2017-09-25 12:10:00.1960000	2017-09-25 12:10:00.6040000	407.8671	0	0	2017-09-25 06:40:00.6040000	407.807
	192.168.1.8	192.168.1.8	adactin	555497870	555497884	Logout	555497893	555497895	/HotelApp/jQuery-scroll-books/css/bootstrap.min.css	4	13	2017-09-25 12:10:00.2830000	2017-09-25 12:10:00.7180000	434.6751	200	99548	2017-09-25 06:40:00.4380000	155.2687
	192.168.1.8	192.168.1.8	adactin	555497870	555497875	Login	555497889	555497888	/HotelApp/jQuery-scroll-books/index.html	1	15	2017-09-25 12:10:00.6440000	2017-09-25 12:10:00.7760000	132.1153	200	4037	2017-09-25 06:40:00.7760000	131.8417
	192.168.1.8	192.168.1.8	adactin	555497870	555497884	Logout	555497897	555497896	/HotelApp/Logout.php	2	14	2017-09-25 12:10:00.5590000	2017-09-25 12:10:00.8280000	268.7489	0	0	2017-09-25 06:40:00.8280000	268.6917
	192.168.1.8	192.168.1.8	adactin	555497870	555497884	Logout	555497893	555497894	/HotelApp/jQuery-scroll-books/css/bootstrap-theme.min.css	1	15	2017-09-25 12:10:00.8010000	2017-09-25 12:10:00.8730000	71.9819	200	13135	2017-09-25 06:40:00.8550000	53.7884
	192.168.1.8	192.168.1.8	adactin	555497870	555497884	Logout	555497893	555497891	/HotelApp/jQuery-scroll-books/css/site.css	1	15	2017-09-25 12:10:00.8160000	2017-09-25 12:10:01.0060000	189.8106	200	330	2017-09-25 06:40:01.0060000	189.684
	192.168.1.8	192.168.1.8	adactin	555497870	555497884	Logout	555497900	555497899	/HotelApp/jQuery-scroll-books/index.html	2	14	2017-09-25 12:10:00.8480000	2017-09-25 12:10:01.3280000	480.3734	200	4037	2017-09-25 06:40:01.3280000	480.2033
	192.168.1.8	192.168.1.8	adactin	555497870	555497884	Logout	555497897	555497896	/HotelApp/Logout.php	4	13	2017-09-25 12:10:00.7350000	2017-09-25 12:10:01.3910000	655.7772	0	0	2017-09-25 06:40:01.3910000	655.723
	192.168.1.8	192.168.1.8	adactin	555497870	555497873	home	555497878	555497880	/HotelApp/css/main.css	2	15	2017-09-25 12:10:01.3490000	2017-09-25 12:10:01.4510000	102.0061	200	2679	2017-09-25 06:40:01.4510000	101.8859
	192.168.1.8	192.168.1.8	adactin	555497870	555497884	Logout	555497900	555497899	/HotelApp/jQuery-scroll-books/index.html	4	13	2017-09-25 12:10:01.4000000	2017-09-25 12:10:01.4990000	98.9721	200	4037	2017-09-25 06:40:01.4990000	98.8192
	192.168.1.8	192.168.1.8	adactin	555497870	555497884	Logout	555497893	555497895	/HotelApp/jQuery-scroll-books/css/bootstrap.min.css	1	15	2017-09-25 12:10:00.8020000	2017-09-25 12:10:01.5320000	729.8782	200	99548	2017-09-25 06:40:00.9090000	107.0853
	192.168.1.8	192.168.1.8	adactin	555497870	555497873	home	555497878	555497880	/HotelApp/css/main.css	4	14	2017-09-25 12:10:01.5150000	2017-09-25 12:10:01.6020000	86.9277	200	2679	2017-09-25 06:40:01.6020000	86.7973
	192.168.1.8	192.168.1.8	adactin	555497870	555497873	home	555497878	555497877	/HotelApp/	2	15	2017-09-25 12:10:01.3620000	2017-09-25 12:10:01.6040000	241.5758	0	0	2017-09-25 06:40:01.6030000	241.5235
	192.168.1.8	192.168.1.8	adactin	555497870	555497873	home	555497878	555497877	/HotelApp/	4	14	2017-09-25 12:10:01.5100000	2017-09-25 12:10:01.6950000	185.0168	0	0	2017-09-25 06:40:01.6950000	184.9582
	192.168.1.8	192.168.1.8	adactin	555497870	555497873	home	555497878	555497882	/favicon.ico	2	15	2017-09-25 12:10:01.6190000	2017-09-25 12:10:01.7070000	87.8754	200	0	2017-09-25 06:40:01.7070000	87.7781
	192.168.1.8	192.168.1.8	adactin	555497870	555497884	Logout	555497897	555497896	/HotelApp/Logout.php	1	15	2017-09-25 12:10:01.5430000	2017-09-25 12:10:01.7650000	221.8909	0	0	2017-09-25 06:40:01.7650000	221.8317
	192.168.1.8	192.168.1.8	adactin	555497870	555497873	home	555497878	555497882	/favicon.ico	4	14	2017-09-25 12:10:01.7070000	2017-09-25 12:10:01.8400000	133.0366	200	0	2017-09-25 06:40:01.8400000	132.9349
	192.168.1.8	192.168.1.8	adactin	555497870	555497875	Login	555497885	555497883	/HotelApp/	2	15	2017-09-25 12:10:01.7420000	2017-09-25 12:10:01.8460000	104.4482	0	0	2017-09-25 06:40:01.8460000	104.3881
	192.168.1.8	192.168.1.8	adactin	555497870	555497884	Logout	555497900	555497899	/HotelApp/jQuery-scroll-books/index.html	1	15	2017-09-25 12:10:01.7760000	2017-09-25 12:10:01.8650000	88.6304	200	4037	2017-09-25 06:40:01.8640000	88.4745
	192.168.1.8	192.168.1.8	adactin	555497870	555497873	home	555497878	555497880	/HotelApp/css/main.css	1	16	2017-09-25 12:10:01.8930000	2017-09-25 12:10:02.0000000	107.1166	200	2679	2017-09-25 06:40:02.0000000	106.9949
	192.168.1.8	192.168.1.8	adactin	555497870	555497875	Login	555497885	555497883	/HotelApp/	4	14	2017-09-25 12:10:01.9010000	2017-09-25 12:10:02.0050000	103.7161	0	0	2017-09-25 06:40:02.0050000	103.655
	192.168.1.8	192.168.1.8	adactin	555497870	555497875	Login	555497887	555497886	/HotelApp/SearchHotel.php	2	15	2017-09-25 12:10:01.8790000	2017-09-25 12:10:02.0730000	193.8083	0	0	2017-09-25 06:40:02.0730000	193.6944
	192.168.1.8	192.168.1.8	adactin	555497870	555497873	home	555497878	555497877	/HotelApp/	1	16	2017-09-25 12:10:01.8930000	2017-09-25 12:10:02.1610000	268.1693	0	0	2017-09-25 06:40:02.1610000	268.1072
	192.168.1.8	192.168.1.8	adactin	555497870	555497875	Login	555497887	555497886	/HotelApp/SearchHotel.php	4	14	2017-09-25 12:10:02.0350000	2017-09-25 12:10:02.2760000	240.9786	0	0	2017-09-25 06:40:02.2760000	240.9224
	192.168.1.8	192.168.1.8	adactin	555497870	555497873	home	555497878	555497882	/favicon.ico	1	16	2017-09-25 12:10:02.1720000	2017-09-25 12:10:02.2890000	117.0927	200	0	2017-09-25 06:40:02.2890000	116.9808
	192.168.1.8	192.168.1.8	adactin	555497870	555497875	Login	555497889	555497888	/HotelApp/jQuery-scroll-books/index.html	2	15	2017-09-25 12:10:02.1030000	2017-09-25 12:10:02.3110000	207.7675	200	4037	2017-09-25 06:40:02.3110000	207.5984
